"","G","R","total_cost","beta","bias","mse","coverage"
"1",3,329,9990,0,0.0370382481806486,0.842262120203327,0.47
"2",4,246,10000,0,0.100613552958759,0.643558317633829,0.58
"3",5,196,10000,0,-0.180633773110634,0.578322522228786,0.72
"4",6,162,9960,0,-0.0491850200814923,0.371899365071884,0.79
"5",7,138,9940,0,-0.042700098214115,0.242460707132628,0.91
"6",8,121,10000,0,0.0839022538166226,0.279050404361407,0.88
"7",9,107,9990,0,0.0731882776939846,0.307795022392919,0.8
"8",10,96,10000,0,-0.0822793617530333,0.21949088398243,0.87
"9",11,86,9900,0,-0.0860456631775804,0.200168422997543,0.88
"10",12,79,9960,0,0.0362029615421285,0.213648373710933,0.83
"11",13,72,9880,0,0.030441358309501,0.169584067155913,0.94
"12",14,67,9940,0,0.0248982334021049,0.147173079680017,0.9
"13",15,62,9900,0,0.0569507087797317,0.182778171706389,0.87
"14",16,58,9920,0,-0.00210673879104821,0.132414847425765,0.91
"15",17,54,9860,0,0.0494963939939117,0.109023417455944,0.93
"16",18,51,9900,0,-0.0540254148968336,0.145868301239937,0.88
"17",19,48,9880,0,0.0325035009535328,0.131276424272453,0.88
"18",20,46,10000,0,-0.0245461579668367,0.11665857655757,0.89
"19",21,43,9870,0,-0.0210123592203378,0.105337411229527,0.94
"20",22,41,9900,0,0.045206868071762,0.11173529168843,0.87
"21",23,39,9890,0,-0.0361379842254462,0.0972330572049523,0.94
"22",24,37,9840,0,-0.0146280742509245,0.0720319726359457,0.94
"23",25,36,10000,0,0.0382495212018686,0.0871918216350505,0.94
"24",26,34,9880,0,0.0105615651276026,0.06737609584911,0.98
"25",27,33,9990,0,0.0359585737475712,0.0725446662014073,0.96
"26",28,31,9800,0,-0.00724196715705008,0.073648511245361,0.92
"27",29,30,9860,0,-0.0125295226683764,0.0851527549893713,0.92
"28",30,29,9900,0,-0.0126776865020448,0.0806277235652767,0.9
"29",31,28,9920,0,-0.00392573671947235,0.0676597972777521,0.93
"30",32,27,9920,0,-0.00352659506285054,0.0653163936151302,0.96
"31",33,26,9900,0,-0.0162120737948424,0.0703324835119936,0.92
"32",34,25,9860,0,0.00046534272574844,0.0650358959031427,0.9
"33",35,24,9800,0,0.0167101692341496,0.072656080741366,0.91
"34",36,23,9720,0,-0.0254824481983067,0.0699700747674767,0.95
"35",37,23,9990,0,-0.0559026288365282,0.0663513873644529,0.93
"36",38,22,9880,0,0.0119879267102228,0.0419323383989275,0.98
"37",39,21,9750,0,-0.0240495391604848,0.0691496608645823,0.92
"38",40,21,10000,0,-0.0193402610580111,0.041241260902495,0.95
"39",41,20,9840,0,0.0135924863403871,0.0554418250744199,0.94
"40",42,19,9660,0,0.00882211774647496,0.0528846971016016,0.94
"41",43,19,9890,0,-0.0455269432010824,0.0707205279065587,0.89
"42",44,18,9680,0,-0.0221393746760069,0.0434388837948668,0.97
"43",45,18,9900,0,-0.0514646496653242,0.0612051689823883,0.87
"44",46,17,9660,0,0.0503569581683118,0.0444504304458928,0.97
"45",47,17,9870,0,0.00537037199798982,0.050948906375637,0.9
"46",48,16,9600,0,-0.00397335624857578,0.0538793829628907,0.92
"47",49,16,9800,0,-0.0152329425265213,0.0374369785444221,1
"48",50,16,10000,0,-0.0107255335261554,0.0453576773791109,0.93
"49",51,15,9690,0,0.0262662208685134,0.058398388036173,0.94
"50",52,15,9880,0,-0.0365658064428877,0.0436781928874304,0.93
"51",53,14,9540,0,-0.0115488915678429,0.0392601545847841,0.97
"52",54,14,9720,0,-0.0164449444113916,0.0426341553021073,0.96
"53",55,14,9900,0,0.0244268195452439,0.047658438843772,0.92
"54",56,13,9520,0,-0.00790344751598118,0.0436637456113465,0.96
"55",57,13,9690,0,0.00507321782893125,0.0378477754564034,0.96
"56",58,13,9860,0,-0.00877569639899565,0.0254505604741192,1
"57",59,12,9440,0,0.00416274248200813,0.0361904701398237,0.96
"58",60,12,9600,0,0.00795600957099252,0.0367073325310957,0.95
"59",61,12,9760,0,-0.0219984390638536,0.0347760673695418,0.97
"60",62,12,9920,0,0.00162745523402443,0.0295309708761528,0.97
"61",63,11,9450,0,-0.0148583601581479,0.0290768587366662,0.97
"62",64,11,9600,0,-0.00717789457568184,0.0418532136999152,0.94
"63",65,11,9750,0,-0.0143744219606794,0.0291126505186178,0.97
"64",66,11,9900,0,-0.00750333471181704,0.036185438692778,0.96
"65",67,10,9380,0,-0.00857645537737191,0.0373448143290482,0.93
"66",68,10,9520,0,-0.00182350234391163,0.0416979038412381,0.9
"67",69,10,9660,0,-0.0241489651579102,0.0353758478565518,0.96
"68",70,10,9800,0,-0.0203997626614819,0.0279727285648927,0.98
"69",71,10,9940,0,0.00769036687283318,0.0250963337689237,0.98
"70",72,9,9360,0,-0.0261338799112371,0.0358788570715458,0.96
"71",73,9,9490,0,-0.0215078670622423,0.027435876074463,0.99
"72",74,9,9620,0,-0.0191130144843084,0.0342049820922124,0.95
"73",75,9,9750,0,0.0550400582930465,0.0336683205190629,0.93
"74",76,9,9880,0,-0.00330922078722438,0.0359925058826372,0.93
"75",77,8,9240,0,0.01478869299325,0.0297047339982452,0.93
"76",78,8,9360,0,0.0208145533644424,0.0382910822921591,0.92
"77",79,8,9480,0,0.0195913788858016,0.0330563255595869,0.92
"78",80,8,9600,0,0.0165137590578231,0.0256897354367792,0.96
"79",81,8,9720,0,0.0238996003692043,0.0286648964113529,0.94
"80",82,8,9840,0,-0.0103761297369839,0.0281050385963658,0.95
"81",83,8,9960,0,-0.00515837095377514,0.0285893876343025,0.96
"82",84,7,9240,0,0.0421372211694976,0.0307300127137471,0.96
"83",85,7,9350,0,0.0237283043876514,0.0362718309758399,0.91
"84",86,7,9460,0,0.0297528190699076,0.0307030334773275,0.93
"85",87,7,9570,0,-0.0261679318116511,0.0334760022644663,0.97
"86",88,7,9680,0,-0.0110537885309682,0.0322877491416751,0.93
"87",89,7,9790,0,0.0267553255510969,0.0280431248532165,0.96
"88",90,7,9900,0,0.0216584484245148,0.0236489238354829,0.98
"89",91,6,9100,0,-0.0160322735447091,0.0316569493938607,0.95
"90",92,6,9200,0,0.0061071858065939,0.028369524216183,0.96
"91",93,6,9300,0,-0.0153528238940875,0.0375578838375281,0.91
"92",94,6,9400,0,-0.0570398012216477,0.0286602936024754,0.94
"93",95,6,9500,0,0.0254517782838069,0.03363962197058,0.89
"94",96,6,9600,0,-0.0079874707369839,0.0319561538678149,0.94
"95",97,6,9700,0,0.018886988767503,0.0377494176068663,0.89
"96",98,6,9800,0,0.00128136195787573,0.0294085529444258,0.94
"97",99,6,9900,0,-0.0094030309456968,0.0312084229761456,0.91
"98",100,6,10000,0,0.00600903025828948,0.0270112961765888,0.94
"99",101,5,9090,0,0.00960678738200258,0.0322543737483694,0.92
"100",102,5,9180,0,0.00328138486881667,0.0294074630920145,0.95
"101",103,5,9270,0,-0.00466923755743137,0.0230407157841347,0.97
"102",104,5,9360,0,-0.00281362928404321,0.0295196870776889,0.94
"103",105,5,9450,0,-0.0188842943157038,0.0270146890353612,0.97
"104",106,5,9540,0,0.00497366150163113,0.0333674813901247,0.89
"105",107,5,9630,0,-0.0285785181568823,0.0354814922634734,0.91
"106",108,5,9720,0,0.015648990080212,0.0234118671397427,0.97
"107",109,5,9810,0,-0.0114795382125675,0.0261682677753209,0.94
"108",110,5,9900,0,-0.00631853953591542,0.0241174900065875,0.97
"109",111,5,9990,0,-0.0111750234605961,0.0233054204933513,0.96
"110",112,4,8960,0,-0.00779329493265667,0.0238614971206691,0.96
"111",113,4,9040,0,0.00953314736478313,0.0238859412380104,0.94
"112",114,4,9120,0,-0.00779864020923345,0.0282234290710412,0.97
"113",115,4,9200,0,-0.00987829072445758,0.0267869879015446,0.93
"114",116,4,9280,0,-0.0160507639313627,0.0198323269726651,0.97
"115",117,4,9360,0,0.0100602965161241,0.0190712175332492,0.99
"116",118,4,9440,0,-0.00177328127466539,0.0256638113820406,0.95
"117",119,4,9520,0,0.0031821764593738,0.028371277607578,0.91
"118",120,4,9600,0,-0.00606449788649466,0.0328989786637123,0.89
"119",121,4,9680,0,0.00934878944310326,0.024023345639953,0.96
"120",122,4,9760,0,-0.0031451808175428,0.0289991042530605,0.92
"121",123,4,9840,0,0.00579743846051707,0.0219827025369878,0.95
"122",124,4,9920,0,-0.00386104838157196,0.0250216374067551,0.95
"123",125,4,10000,0,0.00777948778330008,0.0245154282062303,0.92
"124",126,3,8820,0,-0.017014727450343,0.030353940036099,0.92
"125",127,3,8890,0,-0.0174733385327008,0.0247387732269048,0.96
"126",128,3,8960,0,-0.00591546243068019,0.0243735384103338,0.97
"127",129,3,9030,0,-0.00136064594542001,0.0344525675412639,0.91
"128",130,3,9100,0,-0.00881723428032328,0.0281723790934468,0.93
"129",131,3,9170,0,-0.0131061993603455,0.0205412429661631,0.97
"130",132,3,9240,0,-0.0260195712856266,0.0239602154255184,0.95
"131",133,3,9310,0,-0.000413918510500697,0.0230112684783869,0.93
"132",134,3,9380,0,0.0167218123989763,0.0283631616059326,0.93
"133",135,3,9450,0,-0.0104703057213581,0.0205104508094585,0.97
"134",136,3,9520,0,-0.0188381033738179,0.0301326844094879,0.93
"135",137,3,9590,0,-0.0201947116322146,0.0237048915928565,0.96
"136",138,3,9660,0,-0.000323033620254408,0.0153253596789392,0.99
"137",139,3,9730,0,-0.0145837929506133,0.0265429627884466,0.93
"138",140,3,9800,0,0.0256461137102835,0.0184617660789541,0.99
"139",141,3,9870,0,0.00604680235469158,0.0197186360971454,0.96
"140",142,3,9940,0,-0.00375012450715553,0.0166979152056688,0.95
"141",143,2,8580,0,-0.00397143298336893,0.0302118470019065,0.94
"142",144,2,8640,0,0.0228420419843715,0.0315790669830687,0.92
"143",145,2,8700,0,0.0054722131984385,0.023186434645095,0.98
"144",146,2,8760,0,-0.00883129573010882,0.0278860515753443,0.97
"145",147,2,8820,0,-0.00147021301316859,0.0193983262650432,0.98
"146",148,2,8880,0,-0.00302356834182062,0.0264502052740614,0.94
"147",149,2,8940,0,0.0162263024812272,0.024092662545853,0.95
"148",150,2,9000,0,-0.00491268269523399,0.0198254302897128,0.99
"149",151,2,9060,0,-0.0240227860032719,0.0283149942458032,0.95
"150",152,2,9120,0,0.0084266264683954,0.0244310555997272,0.97
"151",153,2,9180,0,-0.0230825681781785,0.0297053586698638,0.93
"152",154,2,9240,0,-0.00402643119691801,0.0279384580349495,0.95
"153",155,2,9300,0,-0.00295829902507183,0.022467509911759,0.97
"154",156,2,9360,0,-0.00849123452650902,0.025944283441507,0.95
"155",157,2,9420,0,0.003070717083653,0.0311964258728161,0.92
"156",158,2,9480,0,0.000443189679180549,0.0239556542892066,0.97
"157",159,2,9540,0,0.000918041324979739,0.0256877579137567,0.95
"158",160,2,9600,0,0.00439071132963337,0.0218364296771136,0.99
"159",161,2,9660,0,-0.00242242160174135,0.0320020228528244,0.92
"160",162,2,9720,0,0.0213833419853089,0.0238601142103239,0.95
"161",163,2,9780,0,-0.018083337149236,0.0277702502079376,0.95
"162",164,2,9840,0,0.0347338337690525,0.0205916836982405,0.96
"163",165,2,9900,0,0.00674953994668326,0.0277282792631122,0.91
"164",166,2,9960,0,0.00406822427924023,0.0213174476765617,0.96
"165",167,1,8350,0,-0.00817872813110411,0.0323656063225716,0.95
"166",168,1,8400,0,0.0351765407433338,0.0306206100822569,0.96
"167",169,1,8450,0,-0.00601778197875337,0.0365391683817858,0.93
"168",170,1,8500,0,0.00180511104108648,0.0342909161961302,0.95
"169",171,1,8550,0,-0.00179868760675362,0.0372143465474447,0.94
"170",172,1,8600,0,0.0328025598254335,0.0500056007072934,0.92
"171",173,1,8650,0,-0.0146431964738695,0.0307158895038671,0.98
"172",174,1,8700,0,-0.00515479609528829,0.0340994209955163,0.95
"173",175,1,8750,0,-0.00166104372040152,0.0358442426240338,0.96
"174",176,1,8800,0,0.00880054972139049,0.0267249837386638,0.98
"175",177,1,8850,0,-0.00580714117797194,0.0302683695215901,0.97
"176",178,1,8900,0,-0.0208637907026913,0.0318722661905959,0.95
"177",179,1,8950,0,0.0167620976752243,0.028526037408369,0.96
"178",180,1,9000,0,0.00451786317498926,0.0323978325114327,0.92
"179",181,1,9050,0,0.00182148532550468,0.0243509676963195,0.97
"180",182,1,9100,0,-0.0119465229215597,0.0272705415967844,0.97
"181",183,1,9150,0,0.0110964845297896,0.0363871116566094,0.95
"182",184,1,9200,0,0.0135808654895726,0.0402052195203597,0.93
"183",185,1,9250,0,-0.012382900165586,0.0324505110216905,0.98
"184",186,1,9300,0,0.0094962211447037,0.0326846832018691,0.93
"185",187,1,9350,0,-0.024267803686427,0.0346593430102994,0.93
"186",188,1,9400,0,-0.0123602170268912,0.0308228084184393,0.94
"187",189,1,9450,0,-0.00332098118399198,0.027818199803489,0.97
"188",190,1,9500,0,-0.0323877591990704,0.0385372443192962,0.92
"189",191,1,9550,0,-0.00704410307868483,0.0254643859113287,0.97
"190",192,1,9600,0,0.017325788919967,0.0267851431946859,0.99
"191",193,1,9650,0,-0.0207369051793457,0.0291381532654415,0.95
"192",194,1,9700,0,0.0230956714761957,0.0280217400245211,0.96
"193",195,1,9750,0,0.000871367733379509,0.0377013787542535,0.92
"194",196,1,9800,0,-0.00334814322928102,0.0301191731421716,0.96
"195",197,1,9850,0,0.020132513103949,0.0315059983923074,0.94
"196",198,1,9900,0,-0.068087212567631,0.0311092351874993,0.91
"197",199,1,9950,0,-0.0103246402506178,0.0324546632693619,0.95
"198",200,1,10000,0,0.0250653823584867,0.0343614001430036,0.93
"199",3,329,9990,0.5,0.0483576740397854,0.863063669190656,0.44
"200",4,246,10000,0.5,-0.0193684926936952,0.590311632645778,0.66
"201",5,196,10000,0.5,-0.0218024063319743,0.346730791347406,0.79
"202",6,162,9960,0.5,-0.0229115181959508,0.440586128408886,0.82
"203",7,138,9940,0.5,-0.0406828118130045,0.276543030811524,0.84
"204",8,121,10000,0.5,0.0347182441685681,0.21300452271373,0.91
"205",9,107,9990,0.5,-0.0304351754247772,0.255587747579367,0.9
"206",10,96,10000,0.5,0.026503830765457,0.215136189475978,0.92
"207",11,86,9900,0.5,0.040131352029173,0.174381823479796,0.91
"208",12,79,9960,0.5,0.0351140288595488,0.185156103050091,0.89
"209",13,72,9880,0.5,0.0159933851796854,0.15062160521419,0.91
"210",14,67,9940,0.5,-0.0139653372695675,0.161148438824661,0.9
"211",15,62,9900,0.5,-0.0484567644692833,0.137962767586672,0.91
"212",16,58,9920,0.5,0.0604022987246853,0.12872042046372,0.93
"213",17,54,9860,0.5,0.010390490122871,0.133577960236234,0.91
"214",18,51,9900,0.5,0.0243685660628072,0.122208821469907,0.93
"215",19,48,9880,0.5,-0.0244542675549314,0.119189802174853,0.97
"216",20,46,10000,0.5,0.0160255552502204,0.112232231901476,0.92
"217",21,43,9870,0.5,0.0278779096082736,0.078331006068957,0.93
"218",22,41,9900,0.5,0.0463852140160936,0.0699607976538233,0.97
"219",23,39,9890,0.5,0.0068979625880804,0.0960146239694865,0.93
"220",24,37,9840,0.5,0.00622677277117734,0.0954824147171974,0.9
"221",25,36,10000,0.5,0.00602020261342473,0.11456602142459,0.91
"222",26,34,9880,0.5,-0.0104677321988658,0.0680772664369473,0.95
"223",27,33,9990,0.5,-0.0473766099615532,0.0871000611044135,0.91
"224",28,31,9800,0.5,-0.0105660409643765,0.101444687094725,0.91
"225",29,30,9860,0.5,0.013999253814277,0.0653230770253271,0.96
"226",30,29,9900,0.5,0.00600782015363088,0.0979713736104142,0.9
"227",31,28,9920,0.5,-0.0121753216719755,0.0725372062453885,0.91
"228",32,27,9920,0.5,-0.042317522687294,0.0588709732110545,0.97
"229",33,26,9900,0.5,-0.00364699033429777,0.0711153137488043,0.93
"230",34,25,9860,0.5,-0.0129701535822071,0.0646480062548245,0.94
"231",35,24,9800,0.5,0.0242786685400569,0.0696344042896893,0.96
"232",36,23,9720,0.5,0.00233405786354113,0.0554902397851076,0.95
"233",37,23,9990,0.5,0.0195769073518774,0.0589940468622349,0.95
"234",38,22,9880,0.5,0.0189281958855614,0.0563227494058325,0.94
"235",39,21,9750,0.5,0.00802312044652842,0.0583849296759548,0.96
"236",40,21,10000,0.5,0.0161557234714114,0.0567647498071567,0.94
"237",41,20,9840,0.5,-0.00962354496208245,0.0560739421827012,0.92
"238",42,19,9660,0.5,0.0599830896142763,0.0497141448075008,0.93
"239",43,19,9890,0.5,0.00535496497701993,0.0516961790785402,0.92
"240",44,18,9680,0.5,-0.0463291379692452,0.0523388716989264,0.94
"241",45,18,9900,0.5,0.013564950525267,0.0577531452923963,0.92
"242",46,17,9660,0.5,0.00587565961124603,0.0668827277218702,0.86
"243",47,17,9870,0.5,-0.00340561154408664,0.0486781697655315,0.92
"244",48,16,9600,0.5,0.00745598903677636,0.037450073530566,0.97
"245",49,16,9800,0.5,-0.00548058131123924,0.0419739085847574,0.96
"246",50,16,10000,0.5,0.0247854174024537,0.0396308067561399,0.95
"247",51,15,9690,0.5,0.00928580210245888,0.0378786715838044,0.94
"248",52,15,9880,0.5,-0.00548521017102815,0.0420938872566554,0.95
"249",53,14,9540,0.5,0.00633857163285556,0.0421927886164626,0.95
"250",54,14,9720,0.5,0.00528592356752711,0.0330342599040361,0.97
"251",55,14,9900,0.5,0.000168955552566796,0.0501460874809408,0.94
"252",56,13,9520,0.5,-0.0100868494909396,0.0424110326316719,0.92
"253",57,13,9690,0.5,-0.0194152372924059,0.0451452221596263,0.93
"254",58,13,9860,0.5,0.00353971459930347,0.0414023427512405,0.93
"255",59,12,9440,0.5,-0.034647429468376,0.0376153177898926,0.94
"256",60,12,9600,0.5,-0.0128281770581123,0.0420484902799243,0.9
"257",61,12,9760,0.5,0.00959489847138106,0.0492504470500503,0.9
"258",62,12,9920,0.5,0.00989840570433864,0.0445176130242051,0.93
"259",63,11,9450,0.5,-0.021913644757318,0.0373966192925238,0.95
"260",64,11,9600,0.5,0.0150556579470837,0.0288136228047002,0.94
"261",65,11,9750,0.5,0.00210404320491786,0.0257348246891151,0.98
"262",66,11,9900,0.5,0.0243780092873405,0.0354163838849159,0.92
"263",67,10,9380,0.5,0.00700040856870521,0.0377446022944589,0.94
"264",68,10,9520,0.5,-0.0054347379472523,0.0320498926129555,0.93
"265",69,10,9660,0.5,0.0240845289305015,0.0283844291923438,0.98
"266",70,10,9800,0.5,0.00229553461473286,0.0263195262816165,0.97
"267",71,10,9940,0.5,-0.00342097854317186,0.032307397272097,0.94
"268",72,9,9360,0.5,-0.0302714732007878,0.03639083593079,0.95
"269",73,9,9490,0.5,-0.00146810384579521,0.0393729558551197,0.92
"270",74,9,9620,0.5,0.0109153224435602,0.0296908660931449,0.97
"271",75,9,9750,0.5,0.0150848540147897,0.0261025619620975,0.97
"272",76,9,9880,0.5,-0.00561746287765419,0.0346821969656824,0.94
"273",77,8,9240,0.5,0.00278424933513566,0.0311342023138233,0.92
"274",78,8,9360,0.5,0.0244850707846551,0.0357270773165706,0.9
"275",79,8,9480,0.5,-0.00838049995555284,0.0340589759614465,0.93
"276",80,8,9600,0.5,0.0210429863443288,0.0292829896059223,0.95
"277",81,8,9720,0.5,-0.0146377801210983,0.0339319048426884,0.93
"278",82,8,9840,0.5,-0.00735654287775522,0.0283381012496785,0.94
"279",83,8,9960,0.5,-0.0097648584163913,0.0329512737055319,0.96
"280",84,7,9240,0.5,0.00656545876287828,0.0326917289269583,0.97
"281",85,7,9350,0.5,0.0268177691737206,0.0246157918812203,0.98
"282",86,7,9460,0.5,0.00332748415274076,0.0260893327257446,0.95
"283",87,7,9570,0.5,0.0200578365683007,0.0310932721876653,0.96
"284",88,7,9680,0.5,-0.00327430964562248,0.0317813332477603,0.94
"285",89,7,9790,0.5,-0.00725230563356399,0.0370285412155002,0.91
"286",90,7,9900,0.5,-0.0105314839421183,0.0324749914908467,0.92
"287",91,6,9100,0.5,5.4296894821948e-05,0.0309922118449909,0.92
"288",92,6,9200,0.5,9.67927565671545e-05,0.0329337183965353,0.95
"289",93,6,9300,0.5,-0.0184617305159236,0.0254417126442231,0.96
"290",94,6,9400,0.5,-0.00334200006630203,0.0237318222760113,0.97
"291",95,6,9500,0.5,0.0133239580711004,0.0242067521155937,0.96
"292",96,6,9600,0.5,0.0215693432104592,0.0267582855391629,0.95
"293",97,6,9700,0.5,-0.00627176880867986,0.0267986869348609,0.96
"294",98,6,9800,0.5,0.0188452471472963,0.031447343895378,0.96
"295",99,6,9900,0.5,-0.000630147164775718,0.0263063197652394,0.97
"296",100,6,10000,0.5,0.0299283128089245,0.0244329922989584,0.96
"297",101,5,9090,0.5,-0.000310693116048588,0.0186155696540069,0.99
"298",102,5,9180,0.5,0.0257166067831529,0.0228370804822407,0.96
"299",103,5,9270,0.5,-0.0223204124066566,0.0275153532853987,0.96
"300",104,5,9360,0.5,0.00244125169226006,0.0239322431697553,0.95
"301",105,5,9450,0.5,0.00959201032108958,0.0178547654089908,0.98
"302",106,5,9540,0.5,0.0178745909261571,0.0289419706511561,0.97
"303",107,5,9630,0.5,0.0175833620194803,0.0259139457920329,0.94
"304",108,5,9720,0.5,0.00782137611513234,0.033004923708685,0.93
"305",109,5,9810,0.5,-0.00157661335054177,0.0296688241493896,0.95
"306",110,5,9900,0.5,0.0121140615462714,0.02419274916201,0.96
"307",111,5,9990,0.5,0.0324135168628009,0.0248678944541891,0.93
"308",112,4,8960,0.5,-0.0115690230681725,0.023125389111849,0.98
"309",113,4,9040,0.5,-0.0152704378862435,0.027738325607227,0.94
"310",114,4,9120,0.5,0.0116334008648641,0.0266879186089073,0.92
"311",115,4,9200,0.5,0.00626226722446832,0.0313979477983432,0.92
"312",116,4,9280,0.5,0.00790252723254525,0.0271417320556133,0.95
"313",117,4,9360,0.5,-0.00160700302946692,0.0345865944502837,0.89
"314",118,4,9440,0.5,-0.00947438754310803,0.0257263569000854,0.94
"315",119,4,9520,0.5,0.00248145306929215,0.0358451136503047,0.9
"316",120,4,9600,0.5,0.0143927298608952,0.0296735088612802,0.9
"317",121,4,9680,0.5,0.00397058721849286,0.0193497788262304,0.98
"318",122,4,9760,0.5,-0.00608424307820404,0.021963028909332,0.98
"319",123,4,9840,0.5,-0.00304177588632848,0.0184614098922079,0.97
"320",124,4,9920,0.5,0.0129310249322744,0.0242072380107118,0.96
"321",125,4,10000,0.5,0.00616165481606756,0.023804802172495,0.93
"322",126,3,8820,0.5,-0.0174352599319679,0.0234889411139274,0.94
"323",127,3,8890,0.5,-0.000805303749811581,0.0333772922227651,0.92
"324",128,3,8960,0.5,0.00465640017221769,0.0225992694947583,0.97
"325",129,3,9030,0.5,-0.000651242349725634,0.0237629785710392,0.98
"326",130,3,9100,0.5,-0.0125102976212566,0.026375297346288,0.95
"327",131,3,9170,0.5,0.0137292630285524,0.0279785211030499,0.9
"328",132,3,9240,0.5,0.0264555128915855,0.0263608827775666,0.93
"329",133,3,9310,0.5,-0.0137307137910415,0.0283571642429254,0.92
"330",134,3,9380,0.5,-0.00979602302622745,0.0227742510433552,0.95
"331",135,3,9450,0.5,-0.0163784828467247,0.0208199753774192,0.97
"332",136,3,9520,0.5,-0.0119808057252723,0.0212082343664332,0.96
"333",137,3,9590,0.5,-0.0271565827434443,0.02353053046947,0.95
"334",138,3,9660,0.5,-0.027484516151439,0.0208447127497491,0.96
"335",139,3,9730,0.5,0.00211975263769848,0.0183079280140211,0.98
"336",140,3,9800,0.5,-0.00724360388646783,0.0215527100544659,0.97
"337",141,3,9870,0.5,0.0160063732449854,0.0179358319319902,0.96
"338",142,3,9940,0.5,-0.000759811080283501,0.025526468086079,0.93
"339",143,2,8580,0.5,-0.0272632634727495,0.0323195846347409,0.92
"340",144,2,8640,0.5,-0.032517012400779,0.0318254989950221,0.89
"341",145,2,8700,0.5,0.00615678891007909,0.0283988394436847,0.93
"342",146,2,8760,0.5,-0.0085756637171952,0.0256845725585019,0.96
"343",147,2,8820,0.5,-0.00978566937697767,0.0270430962920725,0.93
"344",148,2,8880,0.5,-0.0147398731007599,0.0258341984138838,0.96
"345",149,2,8940,0.5,-0.0137574671876796,0.0249895204375827,0.96
"346",150,2,9000,0.5,-0.0348513953300889,0.0251518601084139,0.95
"347",151,2,9060,0.5,0.00808095412212817,0.0320504564872784,0.9
"348",152,2,9120,0.5,0.000309188642109159,0.0302782145221399,0.95
"349",153,2,9180,0.5,-0.00209296508871343,0.0271225605730771,0.92
"350",154,2,9240,0.5,-0.0121360928166851,0.0245849214632389,0.94
"351",155,2,9300,0.5,-0.00613427331378663,0.0212082425234029,0.97
"352",156,2,9360,0.5,-0.0155297777107409,0.0273776229908108,0.94
"353",157,2,9420,0.5,0.0244726568612363,0.0252035496460203,0.96
"354",158,2,9480,0.5,0.022407738695711,0.0208035716026367,0.97
"355",159,2,9540,0.5,0.0166007326440758,0.02400954070264,0.93
"356",160,2,9600,0.5,-0.000340285343633284,0.0343049741571303,0.92
"357",161,2,9660,0.5,-0.0150830510863546,0.0244826954284307,0.96
"358",162,2,9720,0.5,-0.0294183103985913,0.0222930607572968,0.97
"359",163,2,9780,0.5,-0.00910489584172536,0.0185010034851365,0.99
"360",164,2,9840,0.5,-0.00704874870061201,0.0193533270467245,0.98
"361",165,2,9900,0.5,0.00457883837336126,0.0208535533898771,0.97
"362",166,2,9960,0.5,0.0162476309901881,0.0272004360955933,0.95
"363",167,1,8350,0.5,0.0310515757233102,0.0432074934106225,0.92
"364",168,1,8400,0.5,0.0225416958236425,0.0420298824557795,0.96
"365",169,1,8450,0.5,0.000672474572985804,0.0368950871206837,0.96
"366",170,1,8500,0.5,-0.0075744576414784,0.0341410178357995,0.95
"367",171,1,8550,0.5,0.0197633352990318,0.0337497486998332,0.93
"368",172,1,8600,0.5,-0.00077995961666516,0.0297021946400793,0.95
"369",173,1,8650,0.5,0.00928957683493759,0.0334885090497591,0.94
"370",174,1,8700,0.5,-0.00813876418926962,0.03093378012331,0.98
"371",175,1,8750,0.5,0.00649326449539933,0.0311992682658113,0.97
"372",176,1,8800,0.5,0.00206231232032617,0.0291596775748866,0.95
"373",177,1,8850,0.5,0.0242607977156982,0.0323817142568196,0.97
"374",178,1,8900,0.5,-0.0098719590859318,0.0391124738370869,0.95
"375",179,1,8950,0.5,-0.00394865326617239,0.041486554448561,0.95
"376",180,1,9000,0.5,0.0218196688128766,0.0307463319075957,0.97
"377",181,1,9050,0.5,0.00637867261366742,0.0337094514345233,0.95
"378",182,1,9100,0.5,-0.0193677021045531,0.033556080355674,0.94
"379",183,1,9150,0.5,0.00305177131718293,0.030671988460017,0.94
"380",184,1,9200,0.5,-0.0195856465171439,0.0298963111161979,0.96
"381",185,1,9250,0.5,0.0384548259737099,0.0268340308694649,0.96
"382",186,1,9300,0.5,-0.0526657532512401,0.0440517598664546,0.89
"383",187,1,9350,0.5,0.00838103415619729,0.0294845978847984,0.97
"384",188,1,9400,0.5,0.000207811797988011,0.0310160692138135,0.96
"385",189,1,9450,0.5,-0.0280204999292064,0.0358997866732858,0.96
"386",190,1,9500,0.5,-0.0108259436874584,0.0275121687263395,0.98
"387",191,1,9550,0.5,0.0166454689567763,0.036177370237043,0.95
"388",192,1,9600,0.5,0.00649274165298785,0.0310428082489947,0.96
"389",193,1,9650,0.5,-0.00838700505172135,0.0323171633207057,0.98
"390",194,1,9700,0.5,0.017168606798469,0.0302163244181232,0.94
"391",195,1,9750,0.5,0.0087780438206112,0.0255387438771388,0.97
"392",196,1,9800,0.5,-0.00165513887231278,0.0313787085144348,0.94
"393",197,1,9850,0.5,0.0121402179156479,0.0338961296855559,0.95
"394",198,1,9900,0.5,-0.00292084833491091,0.0272241239061134,0.95
"395",199,1,9950,0.5,0.00765116484612005,0.033184554669184,0.94
"396",200,1,10000,0.5,0.0115746264545713,0.0351156211031139,0.9
"397",3,329,9990,1,0.0370118434092879,0.644030198750287,0.43
"398",4,246,10000,1,-0.12995805606954,0.646833510898002,0.65
"399",5,196,10000,1,-0.0855621240357423,0.425058132982958,0.76
"400",6,162,9960,1,-0.0273766758265612,0.466929338584952,0.73
"401",7,138,9940,1,0.0315356106904534,0.299526473904206,0.81
"402",8,121,10000,1,-0.0344844926119092,0.280333555229172,0.87
"403",9,107,9990,1,0.0566028335778896,0.272265720740165,0.86
"404",10,96,10000,1,-0.00836943269841861,0.299365050252357,0.91
"405",11,86,9900,1,0.112901854030675,0.213707633164275,0.91
"406",12,79,9960,1,-0.00131049914085124,0.225154991982511,0.83
"407",13,72,9880,1,0.00730506477728565,0.177753724203066,0.92
"408",14,67,9940,1,-0.000447755557855145,0.133617252922547,0.93
"409",15,62,9900,1,0.0166351581392497,0.164999054215261,0.92
"410",16,58,9920,1,-0.01825404381659,0.150526794382369,0.9
"411",17,54,9860,1,-0.0245850295093875,0.117744985033535,0.93
"412",18,51,9900,1,-0.00673128525786937,0.141275374655405,0.91
"413",19,48,9880,1,0.0280842335487539,0.106673649326411,0.91
"414",20,46,10000,1,0.0347042984832211,0.106542961644401,0.92
"415",21,43,9870,1,0.048387519510013,0.0811300457940369,0.96
"416",22,41,9900,1,-0.0427189219646803,0.105695601461534,0.93
"417",23,39,9890,1,-0.0314403208254834,0.0994925394473795,0.9
"418",24,37,9840,1,-0.00916774079081517,0.080306339953784,0.97
"419",25,36,10000,1,0.0110746208019432,0.0732304146563091,0.93
"420",26,34,9880,1,0.033786971101166,0.0825927324225393,0.96
"421",27,33,9990,1,0.0458593469833812,0.0727384859431132,0.96
"422",28,31,9800,1,0.0405294634239131,0.0789345651599941,0.91
"423",29,30,9860,1,-0.0388810108496158,0.0512288472753936,0.94
"424",30,29,9900,1,0.0463667909186249,0.0804323556351661,0.88
"425",31,28,9920,1,-0.0316745806131824,0.0797479211799925,0.87
"426",32,27,9920,1,0.0122499812262504,0.0631963363588634,0.93
"427",33,26,9900,1,0.00721663051471899,0.0633079269891474,0.92
"428",34,25,9860,1,-0.0169006129089468,0.0601136550951919,0.94
"429",35,24,9800,1,0.00607251859365654,0.0683956756471865,0.92
"430",36,23,9720,1,-0.00135562813986645,0.0532818122095269,0.95
"431",37,23,9990,1,-0.0213222029787943,0.0461200516309291,0.96
"432",38,22,9880,1,-0.00520424704437705,0.0452726846102951,0.97
"433",39,21,9750,1,-0.0460818858928971,0.0499522526308902,0.97
"434",40,21,10000,1,0.0349275659331922,0.0660530286095829,0.95
"435",41,20,9840,1,0.00603303389323728,0.0472357543609357,0.97
"436",42,19,9660,1,0.0131252758891163,0.0545709477521745,0.92
"437",43,19,9890,1,-0.0312033439347443,0.0567567719401535,0.93
"438",44,18,9680,1,0.00966390984403254,0.0454324318439924,0.98
"439",45,18,9900,1,0.0293834212696413,0.0362138511516532,0.96
"440",46,17,9660,1,0.0276692173683879,0.0569221680197113,0.91
"441",47,17,9870,1,-0.00308846510249949,0.0530987144480962,0.93
"442",48,16,9600,1,-0.0250838147869639,0.04086053337484,0.96
"443",49,16,9800,1,-0.00388030830889063,0.0421412619700867,0.93
"444",50,16,10000,1,-0.013518394049557,0.0517059711737011,0.92
"445",51,15,9690,1,0.0204422040217223,0.0370915839285465,0.96
"446",52,15,9880,1,-0.000568506341210195,0.0404278181838836,0.96
"447",53,14,9540,1,0.0181547306232608,0.0431574666036878,0.93
"448",54,14,9720,1,0.0224471198442433,0.0484184478341337,0.93
"449",55,14,9900,1,0.0123092220949226,0.0333964191227306,0.92
"450",56,13,9520,1,-0.00301644637699783,0.0327436721655126,0.95
"451",57,13,9690,1,0.0221991648400219,0.0355995867321259,0.94
"452",58,13,9860,1,-0.0166049989917612,0.0321807920411501,0.96
"453",59,12,9440,1,-0.0159860937997136,0.0393380727260834,0.95
"454",60,12,9600,1,-0.0270960290558172,0.0414477688469733,0.94
"455",61,12,9760,1,0.00550580493596975,0.0332018134857074,0.93
"456",62,12,9920,1,-0.0155919983423165,0.0316329692349922,0.95
"457",63,11,9450,1,0.0207371813470751,0.0443858852248924,0.91
"458",64,11,9600,1,0.00747379008242022,0.0290967580168516,0.99
"459",65,11,9750,1,-0.00597547528969133,0.0390310613955973,0.95
"460",66,11,9900,1,-0.0264583862181335,0.0361049881901242,0.93
"461",67,10,9380,1,0.0250076350833326,0.0410932334611475,0.94
"462",68,10,9520,1,-0.0257996416138047,0.0398876430845387,0.94
"463",69,10,9660,1,0.0289635640950514,0.0255921447484809,0.98
"464",70,10,9800,1,0.00225218919336334,0.0381975925498204,0.92
"465",71,10,9940,1,-0.0332520471878675,0.0338210901751611,0.94
"466",72,9,9360,1,-0.034266424702486,0.0315352862875689,0.96
"467",73,9,9490,1,0.0211305358299414,0.0305332409323391,0.95
"468",74,9,9620,1,0.00328221646649096,0.0373197823479723,0.94
"469",75,9,9750,1,0.00670793593016494,0.0289995316349042,0.97
"470",76,9,9880,1,0.0210145352157556,0.0299824189045931,0.94
"471",77,8,9240,1,-0.0133437862321282,0.0309915694674659,0.97
"472",78,8,9360,1,-0.0170567366344262,0.0358365624317062,0.91
"473",79,8,9480,1,-0.0180043083426262,0.031303013279233,0.93
"474",80,8,9600,1,0.0180229025564123,0.0353133443285873,0.92
"475",81,8,9720,1,0.013178786732138,0.0361476451809329,0.91
"476",82,8,9840,1,-0.0194595671306174,0.0324212021731456,0.93
"477",83,8,9960,1,0.0183635494301069,0.0314701148471057,0.94
"478",84,7,9240,1,0.00510791217026418,0.0313294546498248,0.93
"479",85,7,9350,1,-0.00917971295672027,0.03342130913266,0.95
"480",86,7,9460,1,-0.0161587060475049,0.0293416399424613,0.97
"481",87,7,9570,1,-0.0321440666156121,0.0324444156529321,0.93
"482",88,7,9680,1,0.00710848177174728,0.0356199819355161,0.9
"483",89,7,9790,1,0.0073277070815283,0.0290893981167482,0.95
"484",90,7,9900,1,0.0321036521612768,0.0310720322325899,0.93
"485",91,6,9100,1,0.0236794367281199,0.0271399132425028,0.97
"486",92,6,9200,1,-0.00602077638671561,0.0291070840262753,0.96
"487",93,6,9300,1,0.0115294239522743,0.0248841202345371,0.97
"488",94,6,9400,1,0.000786098836208948,0.0314158280511027,0.9
"489",95,6,9500,1,0.017855947025867,0.0300075299259104,0.9
"490",96,6,9600,1,-0.00773416023840234,0.0281612330763227,0.94
"491",97,6,9700,1,0.0104293072420674,0.0300362348061879,0.92
"492",98,6,9800,1,-0.0312960943172594,0.0269068670060885,0.96
"493",99,6,9900,1,-0.0149129529535296,0.0304714106705196,0.96
"494",100,6,10000,1,-0.0239954857928398,0.0305325347256686,0.94
"495",101,5,9090,1,-0.00274148988195699,0.0228796240580375,0.96
"496",102,5,9180,1,0.0158456254913948,0.0252824076958722,0.96
"497",103,5,9270,1,0.0167702934276175,0.0276882590017775,0.96
"498",104,5,9360,1,0.00585331598873307,0.0296514855755662,0.96
"499",105,5,9450,1,0.00690087916558557,0.0313456442715788,0.95
"500",106,5,9540,1,0.00553335144690803,0.0215734292340834,0.96
"501",107,5,9630,1,0.0110573837766086,0.0302519933313502,0.95
"502",108,5,9720,1,0.0296628880775895,0.0238819395584351,0.94
"503",109,5,9810,1,-0.0308288182693677,0.0276784795901142,0.95
"504",110,5,9900,1,-0.0241536314537519,0.028174333154204,0.93
"505",111,5,9990,1,-0.0276698753514156,0.0263287206260634,0.93
"506",112,4,8960,1,-0.0212446015192131,0.0289792468532562,0.94
"507",113,4,9040,1,-0.0107654203028218,0.0310884854050955,0.95
"508",114,4,9120,1,-0.00195894330932112,0.0213515807948708,0.97
"509",115,4,9200,1,0.025913683474506,0.027332861299165,0.95
"510",116,4,9280,1,0.00506190367380865,0.0332737525981203,0.91
"511",117,4,9360,1,-0.00319309047517202,0.025746141880029,0.94
"512",118,4,9440,1,0.00336525868680382,0.0247936698167951,0.95
"513",119,4,9520,1,-0.00406932088948775,0.0241528870017106,0.97
"514",120,4,9600,1,0.00841776172426267,0.0265035077279929,0.95
"515",121,4,9680,1,-0.0105447278672014,0.0319846592773514,0.93
"516",122,4,9760,1,0.00560641559908293,0.0234907499608394,0.96
"517",123,4,9840,1,-0.0207198664973476,0.0266798850014379,0.95
"518",124,4,9920,1,0.0180242662612558,0.0205616721313756,0.94
"519",125,4,10000,1,0.00861754022645678,0.0256437127262045,0.93
"520",126,3,8820,1,-0.0097555242709908,0.0276405166159816,0.96
"521",127,3,8890,1,-0.0153690901111618,0.0295265895542572,0.94
"522",128,3,8960,1,0.0179665337312476,0.0256346277342818,0.97
"523",129,3,9030,1,-0.00336130038431826,0.0212847643479389,0.98
"524",130,3,9100,1,0.0145805280463629,0.0322476289199332,0.93
"525",131,3,9170,1,-0.0184188958057573,0.0234226232512285,0.96
"526",132,3,9240,1,-0.00260532151566151,0.0309903948739263,0.95
"527",133,3,9310,1,-0.0235856238913768,0.0354358203010512,0.9
"528",134,3,9380,1,3.206526721522e-05,0.0251912343691015,0.96
"529",135,3,9450,1,0.0190204070607689,0.0208799414411618,0.95
"530",136,3,9520,1,0.0139285685794908,0.0239148878565641,0.96
"531",137,3,9590,1,0.0123812809065706,0.0285890275977299,0.93
"532",138,3,9660,1,0.00197617732717914,0.0302327656546481,0.91
"533",139,3,9730,1,-0.0172271673357468,0.0261858929056772,0.94
"534",140,3,9800,1,-0.0142751675358186,0.0222263314642668,0.92
"535",141,3,9870,1,-0.00478201142568502,0.0181636082432853,0.95
"536",142,3,9940,1,0.011551482356603,0.0188418633675453,0.98
"537",143,2,8580,1,0.020679936038513,0.0190117975550885,0.98
"538",144,2,8640,1,0.0294939501225975,0.0286847738586141,0.95
"539",145,2,8700,1,0.000683038926713841,0.031373681582787,0.93
"540",146,2,8760,1,-0.0117447893418717,0.0223641425483239,1
"541",147,2,8820,1,-0.0171940621278629,0.030342664688148,0.94
"542",148,2,8880,1,-0.0124337546272631,0.0303300072601154,0.92
"543",149,2,8940,1,-0.0119986692744811,0.0247735576348291,0.97
"544",150,2,9000,1,0.0116913150040825,0.0319862974604957,0.91
"545",151,2,9060,1,-0.0161406233088427,0.0276992901860781,0.94
"546",152,2,9120,1,0.0275465408739179,0.0232350988046167,0.94
"547",153,2,9180,1,-0.01169814597092,0.032157702775059,0.91
"548",154,2,9240,1,-0.00514300695116132,0.0208896157086571,0.97
"549",155,2,9300,1,-0.0116732002030147,0.0234733359848891,0.94
"550",156,2,9360,1,-0.00245246833865598,0.0265085392917947,0.93
"551",157,2,9420,1,-0.00105377373740356,0.0262757131677868,0.93
"552",158,2,9480,1,-0.0123702922087875,0.0338779326447217,0.93
"553",159,2,9540,1,-0.00666838173242135,0.0338565365202198,0.93
"554",160,2,9600,1,0.0222227290176396,0.0248339875384289,0.93
"555",161,2,9660,1,0.0108993460099183,0.0273306577287452,0.96
"556",162,2,9720,1,-0.0112435713551227,0.0242321809515707,0.94
"557",163,2,9780,1,0.00938020945092144,0.0236044923004816,0.93
"558",164,2,9840,1,0.0155686597097011,0.0242315865134647,0.97
"559",165,2,9900,1,0.00181697107104295,0.0241414384921832,0.94
"560",166,2,9960,1,-0.00951845823251196,0.0236670321729803,0.95
"561",167,1,8350,1,0.00390796150163952,0.0326749567676745,0.94
"562",168,1,8400,1,0.0119261099302006,0.0374048560854175,0.94
"563",169,1,8450,1,-0.0186703522246654,0.0389994604617103,0.93
"564",170,1,8500,1,-0.00837803196531195,0.0295083576855183,0.97
"565",171,1,8550,1,-0.0135237605413397,0.0413524041210567,0.92
"566",172,1,8600,1,0.0175566064596477,0.0317016820011289,0.97
"567",173,1,8650,1,0.0379581284083408,0.0296325673891144,0.95
"568",174,1,8700,1,0.0246601580244279,0.0423728707242487,0.92
"569",175,1,8750,1,-0.0245808539062663,0.0323994239808396,0.95
"570",176,1,8800,1,0.0311645257814279,0.0353102127286158,0.95
"571",177,1,8850,1,-0.0112573570768961,0.0274572528271907,0.99
"572",178,1,8900,1,0.0141230338008149,0.0301850028725953,0.98
"573",179,1,8950,1,0.0143087580649395,0.0293888702846339,0.96
"574",180,1,9000,1,-0.0215390069567111,0.031036673077813,0.98
"575",181,1,9050,1,0.0129736522575379,0.026282646736898,0.97
"576",182,1,9100,1,-0.0228832395209914,0.0328836493603478,0.94
"577",183,1,9150,1,0.00183907371260905,0.0316061515865978,0.96
"578",184,1,9200,1,0.00574063998271357,0.0324848032975754,0.96
"579",185,1,9250,1,-0.00116246481371163,0.0302195021757429,0.96
"580",186,1,9300,1,0.0380796260872323,0.0305491002870181,0.95
"581",187,1,9350,1,-0.00475362381286581,0.035026688228967,0.96
"582",188,1,9400,1,0.0227607779605041,0.024255817532839,0.96
"583",189,1,9450,1,0.0208101709043587,0.0313988157783201,0.94
"584",190,1,9500,1,0.0269255325627518,0.0301767485176463,0.96
"585",191,1,9550,1,0.0275529942419634,0.0320914828046257,0.94
"586",192,1,9600,1,0.00864648257254763,0.0282086253626238,0.96
"587",193,1,9650,1,-0.0111047527699571,0.0321050966594653,0.95
"588",194,1,9700,1,0.0133825971120693,0.0310384638269136,0.94
"589",195,1,9750,1,-0.00945244033276138,0.0299926458543272,0.95
"590",196,1,9800,1,-0.0314261454508534,0.0295629760138225,0.96
"591",197,1,9850,1,0.0532822331168394,0.028840727438733,0.95
"592",198,1,9900,1,-0.00489079092516587,0.0318853950224491,0.94
"593",199,1,9950,1,0.00933290534537923,0.0267194858045535,0.97
"594",200,1,10000,1,-0.000244011192773952,0.0398878055889058,0.88
"595",3,329,9990,1.5,0.0693148996413966,0.749207884900435,0.49
"596",4,246,10000,1.5,-0.0594044810642673,0.722196999974266,0.62
"597",5,196,10000,1.5,0.0766165742303286,0.536598004851689,0.75
"598",6,162,9960,1.5,-0.0367591091978328,0.354260311009286,0.78
"599",7,138,9940,1.5,-0.0169327123625358,0.302847461364362,0.8
"600",8,121,10000,1.5,-0.0179917534916294,0.244684700241725,0.91
"601",9,107,9990,1.5,0.00551298303162762,0.245720840660245,0.82
"602",10,96,10000,1.5,-0.0495152664373031,0.238940438847488,0.85
"603",11,86,9900,1.5,-0.117336780339241,0.208002105610538,0.87
"604",12,79,9960,1.5,-0.0439915664432404,0.189707821975022,0.92
"605",13,72,9880,1.5,0.0451892001886269,0.218975431016229,0.85
"606",14,67,9940,1.5,-0.00848197626974523,0.148743420607139,0.92
"607",15,62,9900,1.5,0.0526579001837582,0.165386339736943,0.88
"608",16,58,9920,1.5,-0.0170179822742991,0.145011415070211,0.88
"609",17,54,9860,1.5,0.0103948114201073,0.133751430096873,0.94
"610",18,51,9900,1.5,0.00761369848564408,0.111464708783734,0.92
"611",19,48,9880,1.5,-0.0421798169933894,0.117552003812662,0.92
"612",20,46,10000,1.5,-0.0260180341677674,0.113162668932129,0.89
"613",21,43,9870,1.5,0.0159974622832249,0.0872421375596259,0.95
"614",22,41,9900,1.5,0.0238679654548957,0.0829259256662322,0.95
"615",23,39,9890,1.5,0.0113409160142592,0.080581114199685,0.92
"616",24,37,9840,1.5,-0.0203185796926304,0.120757106048902,0.89
"617",25,36,10000,1.5,-0.0238132908097295,0.117200393930391,0.9
"618",26,34,9880,1.5,0.0457984491416252,0.081172192141832,0.95
"619",27,33,9990,1.5,0.0294446243266393,0.0928587426810253,0.95
"620",28,31,9800,1.5,0.0371615884845165,0.0787164043103487,0.96
"621",29,30,9860,1.5,0.0332628117595091,0.0756503524998663,0.95
"622",30,29,9900,1.5,-0.0340672050862032,0.0657156851000954,0.95
"623",31,28,9920,1.5,0.0138401146591571,0.081952218333562,0.94
"624",32,27,9920,1.5,0.0399104555092586,0.0709425123384202,0.91
"625",33,26,9900,1.5,0.0370865005491954,0.070912264749321,0.9
"626",34,25,9860,1.5,0.00269014745158924,0.0752103335055765,0.93
"627",35,24,9800,1.5,0.03669025447062,0.0664694764630431,0.93
"628",36,23,9720,1.5,-0.0286251719362098,0.0546257141313471,0.95
"629",37,23,9990,1.5,0.0185974188859481,0.0646296254817531,0.92
"630",38,22,9880,1.5,0.0248301350107965,0.065351369490693,0.93
"631",39,21,9750,1.5,0.0061412484813752,0.0529389679577728,0.95
"632",40,21,10000,1.5,0.01430646485688,0.0662412398380184,0.9
"633",41,20,9840,1.5,0.0290212007247417,0.0588224174310079,0.91
"634",42,19,9660,1.5,-0.0060059717464831,0.0475118191179546,0.93
"635",43,19,9890,1.5,-0.00186329960959908,0.045401176468801,0.98
"636",44,18,9680,1.5,0.00180599005550142,0.0494460430510898,0.92
"637",45,18,9900,1.5,0.0030333411236998,0.0407945928965797,0.96
"638",46,17,9660,1.5,0.0132265900413397,0.0573524381251478,0.9
"639",47,17,9870,1.5,0.0168839158911636,0.0521418637395173,0.97
"640",48,16,9600,1.5,-0.015267093160078,0.041771957137175,0.97
"641",49,16,9800,1.5,0.0033421198875252,0.045052850210364,0.93
"642",50,16,10000,1.5,-0.0500125717311515,0.0500353976350695,0.94
"643",51,15,9690,1.5,-0.00474734165761315,0.053015575787222,0.9
"644",52,15,9880,1.5,-0.0177704325668671,0.0455712951664052,0.95
"645",53,14,9540,1.5,0.0427214865134975,0.0401481160236228,0.95
"646",54,14,9720,1.5,7.1763985722173e-05,0.048972325426417,0.91
"647",55,14,9900,1.5,-0.00769252072577764,0.0477730262705545,0.89
"648",56,13,9520,1.5,0.0179921901832649,0.0325800653738842,0.97
"649",57,13,9690,1.5,0.0398796566184678,0.0389352029137695,0.95
"650",58,13,9860,1.5,0.00986534268202921,0.0478949083804903,0.94
"651",59,12,9440,1.5,0.0452060149192082,0.0379720254994649,0.96
"652",60,12,9600,1.5,0.0120878063840981,0.0358808043901386,0.97
"653",61,12,9760,1.5,0.021041432841886,0.0311990260865453,0.97
"654",62,12,9920,1.5,-0.00581823547174043,0.0363512585901362,0.97
"655",63,11,9450,1.5,0.0515008915977708,0.0522802458894797,0.91
"656",64,11,9600,1.5,-0.00556869766985479,0.0321500960183647,0.95
"657",65,11,9750,1.5,-0.00172162148813859,0.0385632519798491,0.91
"658",66,11,9900,1.5,0.00617733941402765,0.0410752826532173,0.92
"659",67,10,9380,1.5,-0.00807814498190185,0.0324571152476373,0.96
"660",68,10,9520,1.5,-6.45667942702488e-05,0.0375983120191399,0.92
"661",69,10,9660,1.5,0.000333505399576328,0.0327683068031053,0.96
"662",70,10,9800,1.5,-0.015924934958115,0.0308701573393425,0.94
"663",71,10,9940,1.5,-0.0144131308294755,0.0280356045348611,0.96
"664",72,9,9360,1.5,-0.00121258270115732,0.0319048734849698,0.95
"665",73,9,9490,1.5,0.00349621212272977,0.032512635889119,0.94
"666",74,9,9620,1.5,0.00508668521721711,0.0267974375234341,0.97
"667",75,9,9750,1.5,0.0150498532070726,0.0345838407564343,0.93
"668",76,9,9880,1.5,-0.0309263041654053,0.0403969359425422,0.93
"669",77,8,9240,1.5,0.0157652468544149,0.0358078289010875,0.93
"670",78,8,9360,1.5,-0.010999055823429,0.0368332629105937,0.96
"671",79,8,9480,1.5,0.0190193199598387,0.0305443582848776,0.95
"672",80,8,9600,1.5,0.0017274000858607,0.0321418732749126,0.95
"673",81,8,9720,1.5,-0.00296619923457175,0.0280795634007471,0.96
"674",82,8,9840,1.5,0.000771190435690627,0.0235694428718752,0.98
"675",83,8,9960,1.5,0.0205180658059361,0.0327595022087054,0.92
"676",84,7,9240,1.5,0.00231609279661371,0.0345178526430843,0.94
"677",85,7,9350,1.5,0.000470851986236864,0.0355427726672517,0.96
"678",86,7,9460,1.5,-0.0186191925361128,0.0303587354548001,0.93
"679",87,7,9570,1.5,0.00557404673540129,0.0284938625808595,0.96
"680",88,7,9680,1.5,0.018252876599641,0.0337351843255263,0.91
"681",89,7,9790,1.5,-0.0197069337303284,0.0273297276163942,0.96
"682",90,7,9900,1.5,0.00547861201536515,0.037947230499645,0.93
"683",91,6,9100,1.5,0.0135915337195682,0.0219911199066579,0.98
"684",92,6,9200,1.5,0.0169572838181296,0.030786711237522,0.94
"685",93,6,9300,1.5,0.0104750320476026,0.0290115546718412,0.96
"686",94,6,9400,1.5,-0.0169104279342198,0.0275030402433689,0.92
"687",95,6,9500,1.5,0.0177947454277714,0.0211165267923619,0.97
"688",96,6,9600,1.5,-0.0204174445644973,0.036218602875916,0.93
"689",97,6,9700,1.5,-0.0133892957919342,0.02200252217855,0.97
"690",98,6,9800,1.5,-0.00322422304063874,0.0213595145959136,0.94
"691",99,6,9900,1.5,-0.0151264333076684,0.025834497908256,0.97
"692",100,6,10000,1.5,-0.00220470196368394,0.0280269437519487,0.97
"693",101,5,9090,1.5,0.00197774033777498,0.0249498763826939,0.95
"694",102,5,9180,1.5,0.00524604932653072,0.0257587911485542,0.94
"695",103,5,9270,1.5,-0.0148364455847454,0.0324939080458214,0.91
"696",104,5,9360,1.5,-0.00139337239452564,0.0294326360280521,0.95
"697",105,5,9450,1.5,-0.018587639675844,0.0318667023530994,0.89
"698",106,5,9540,1.5,-0.00515298427326449,0.029137611505784,0.94
"699",107,5,9630,1.5,0.00592640708366821,0.0234786124920917,0.93
"700",108,5,9720,1.5,-0.0121374982472806,0.0280422624947113,0.94
"701",109,5,9810,1.5,-0.000364256279786757,0.0225638163193524,0.98
"702",110,5,9900,1.5,-0.013977536294753,0.0217149260993373,0.96
"703",111,5,9990,1.5,-0.0249421451335847,0.0242194211262035,0.95
"704",112,4,8960,1.5,0.00788427482557719,0.02834884648841,0.96
"705",113,4,9040,1.5,0.0016834724904593,0.0297576111435986,0.93
"706",114,4,9120,1.5,-0.00369777275955929,0.0213598044688819,0.97
"707",115,4,9200,1.5,0.00509548047175934,0.0293023506881113,0.93
"708",116,4,9280,1.5,-0.0139270839919166,0.0284914603337817,0.93
"709",117,4,9360,1.5,-0.0220520545997351,0.0270734605957658,0.94
"710",118,4,9440,1.5,-0.00709398416540297,0.0243007428329921,0.95
"711",119,4,9520,1.5,0.00996811406948006,0.0283243168093769,0.93
"712",120,4,9600,1.5,-0.017496372097304,0.0244219833824937,0.95
"713",121,4,9680,1.5,0.0231298317827913,0.0245197194311687,0.96
"714",122,4,9760,1.5,-0.0238542049632957,0.0251293252447182,0.96
"715",123,4,9840,1.5,0.0256876002142972,0.0209654591033118,0.96
"716",124,4,9920,1.5,-0.0272367962549735,0.0266242426706696,0.94
"717",125,4,10000,1.5,0.00190862233599187,0.0271593302827895,0.91
"718",126,3,8820,1.5,0.0198621457656807,0.0212532192979978,1
"719",127,3,8890,1.5,0.00438537342678291,0.021145031821776,0.97
"720",128,3,8960,1.5,0.0135946174840098,0.0274582559540236,0.96
"721",129,3,9030,1.5,0.0209794140775255,0.0256795078490636,0.96
"722",130,3,9100,1.5,0.00734849244981439,0.0299342377170531,0.93
"723",131,3,9170,1.5,0.0187849798888267,0.0252191514186915,0.94
"724",132,3,9240,1.5,0.0124930548657187,0.0297619429327039,0.89
"725",133,3,9310,1.5,0.0102360584615533,0.0265478695074479,0.92
"726",134,3,9380,1.5,-0.0221940296571137,0.0192943647474138,0.96
"727",135,3,9450,1.5,0.0151780165010309,0.0311228448213562,0.91
"728",136,3,9520,1.5,-0.0117976639004611,0.0296441431105537,0.92
"729",137,3,9590,1.5,0.0231162026773777,0.0280658650997807,0.93
"730",138,3,9660,1.5,0.0186406106940973,0.025684542380445,0.95
"731",139,3,9730,1.5,-0.00943541973469841,0.0242256557361651,0.94
"732",140,3,9800,1.5,-0.017179804519619,0.0234439353848713,0.94
"733",141,3,9870,1.5,0.0240070219044144,0.0209943550516301,0.95
"734",142,3,9940,1.5,-0.0388175967483746,0.0238304206297596,0.93
"735",143,2,8580,1.5,-0.0254208553634685,0.033393700717359,0.91
"736",144,2,8640,1.5,0.00664126327485981,0.0425018012491663,0.93
"737",145,2,8700,1.5,-0.00215882292302738,0.0216171373240042,0.94
"738",146,2,8760,1.5,-0.00444747179326299,0.0269801386468363,0.95
"739",147,2,8820,1.5,-0.0162268100779399,0.0246912500426904,0.96
"740",148,2,8880,1.5,0.011599223601062,0.027240050432614,0.97
"741",149,2,8940,1.5,0.027644182313183,0.0252542314696857,0.97
"742",150,2,9000,1.5,0.034136994372983,0.0239650744580762,0.94
"743",151,2,9060,1.5,0.0141357500901478,0.0279057140115129,0.94
"744",152,2,9120,1.5,0.0333025497797448,0.0226714871964202,0.95
"745",153,2,9180,1.5,-0.0328350194550455,0.0285699495166958,0.96
"746",154,2,9240,1.5,0.0276597007255743,0.0257236808502859,0.96
"747",155,2,9300,1.5,0.0256113939900102,0.0240826759316305,0.96
"748",156,2,9360,1.5,-0.00617210691147596,0.0295560870890788,0.93
"749",157,2,9420,1.5,-0.0312402115526673,0.0242886240358152,0.94
"750",158,2,9480,1.5,0.0236776817932323,0.0241030844152235,0.96
"751",159,2,9540,1.5,0.0105045400015269,0.0263123891084656,0.94
"752",160,2,9600,1.5,-0.0120553642339596,0.0228215370427462,0.95
"753",161,2,9660,1.5,-0.00346669237640218,0.0185311464968561,1
"754",162,2,9720,1.5,-0.0169153120726018,0.0233038149885851,0.97
"755",163,2,9780,1.5,-0.00467096259409172,0.0241195305726249,0.94
"756",164,2,9840,1.5,0.0276809903957362,0.0255505538660423,0.97
"757",165,2,9900,1.5,-0.0217008864601667,0.0300755584618373,0.93
"758",166,2,9960,1.5,0.0308808583790372,0.0243781042386291,0.96
"759",167,1,8350,1.5,-0.00312723328203712,0.0337828421503144,0.96
"760",168,1,8400,1.5,-0.0375212347790039,0.0292379266508638,0.98
"761",169,1,8450,1.5,-0.0420152674246532,0.0427859148555866,0.93
"762",170,1,8500,1.5,0.00881653309349817,0.036476413405727,0.93
"763",171,1,8550,1.5,-0.0197308765331046,0.0355011909077439,0.98
"764",172,1,8600,1.5,0.0031439760950136,0.0417886693809257,0.92
"765",173,1,8650,1.5,0.0175828455771367,0.0356652258549356,0.94
"766",174,1,8700,1.5,0.00210509605473996,0.0301328214466932,0.95
"767",175,1,8750,1.5,-0.00134585860412861,0.0319711982975232,0.94
"768",176,1,8800,1.5,-0.00481679936775836,0.0347371587232065,0.96
"769",177,1,8850,1.5,-0.0119614764116249,0.0358404580541396,0.93
"770",178,1,8900,1.5,-0.00266220057718813,0.0250177976359456,0.96
"771",179,1,8950,1.5,0.00532244978423146,0.027688911202546,0.95
"772",180,1,9000,1.5,-0.0193002108056466,0.0449065039431154,0.91
"773",181,1,9050,1.5,-0.00197877010484659,0.0335191720365582,0.95
"774",182,1,9100,1.5,-0.00775545387195598,0.0320277950065107,0.96
"775",183,1,9150,1.5,0.0281012610218507,0.0328654931697983,0.98
"776",184,1,9200,1.5,-0.00240607991904995,0.0311740314189088,0.97
"777",185,1,9250,1.5,-0.0176647279863889,0.0318279456819148,0.96
"778",186,1,9300,1.5,0.0116839385599514,0.0365985477995869,0.93
"779",187,1,9350,1.5,0.0167515013314243,0.0362891096612658,0.95
"780",188,1,9400,1.5,-0.0394260166846301,0.0360369752610375,0.91
"781",189,1,9450,1.5,-0.0146444538025918,0.0359324306721041,0.94
"782",190,1,9500,1.5,-0.00559892647867222,0.0340983913853636,0.96
"783",191,1,9550,1.5,-0.00948800950141693,0.0275043620288589,0.97
"784",192,1,9600,1.5,-0.00217967389241691,0.0306454201633433,0.95
"785",193,1,9650,1.5,-0.0175915472220995,0.0354915260893969,0.92
"786",194,1,9700,1.5,-0.0128490612810397,0.0357952193053723,0.94
"787",195,1,9750,1.5,-0.0343145434644545,0.029608063291164,0.96
"788",196,1,9800,1.5,-0.00547639049375848,0.0279255919247159,0.96
"789",197,1,9850,1.5,0.014521010840344,0.0250673237812768,0.98
"790",198,1,9900,1.5,0.0181758029905961,0.0291260744402912,0.97
"791",199,1,9950,1.5,-0.00310268495411581,0.0238143493455943,0.97
"792",200,1,10000,1.5,-0.00155082358222636,0.0286386236286535,0.95
"793",3,329,9990,2,-0.0634789649803507,0.659202582630188,0.46
"794",4,246,10000,2,-0.0766375349127582,0.411058065952563,0.73
"795",5,196,10000,2,-0.128222481918596,0.519505831299331,0.72
"796",6,162,9960,2,0.03423325591443,0.384901300731039,0.76
"797",7,138,9940,2,0.0101459038760208,0.300160988394143,0.83
"798",8,121,10000,2,0.176884446017566,0.397234996285698,0.82
"799",9,107,9990,2,0.0718476406349522,0.267803524562955,0.84
"800",10,96,10000,2,0.0110258331221433,0.225641391501019,0.9
"801",11,86,9900,2,-0.0500032583701313,0.161648288725771,0.92
"802",12,79,9960,2,-0.0166168212965214,0.213640966784264,0.85
"803",13,72,9880,2,-0.0354642231398827,0.212791540062156,0.88
"804",14,67,9940,2,-0.0252098223000998,0.144872092150503,0.93
"805",15,62,9900,2,0.0425057857704281,0.158889289411143,0.89
"806",16,58,9920,2,-0.0190109693761877,0.13635498129447,0.89
"807",17,54,9860,2,-0.0126797273524681,0.15793328005342,0.9
"808",18,51,9900,2,0.0098267643913168,0.139429187226644,0.87
"809",19,48,9880,2,0.00490292177935059,0.127884782043113,0.87
"810",20,46,10000,2,0.0490571662799124,0.105661719752658,0.92
"811",21,43,9870,2,-0.0252238859907947,0.101537023784335,0.9
"812",22,41,9900,2,0.0127354918936189,0.0994220701009568,0.93
"813",23,39,9890,2,-0.019891673423037,0.0956361440489666,0.9
"814",24,37,9840,2,0.0349281423982872,0.104239737135493,0.96
"815",25,36,10000,2,-0.03098962895558,0.0915540720210535,0.93
"816",26,34,9880,2,-0.0246748032877993,0.0926154450843355,0.92
"817",27,33,9990,2,0.0232301627726401,0.0758165337756241,0.92
"818",28,31,9800,2,-0.00293662907857484,0.0915309317545142,0.93
"819",29,30,9860,2,-0.00374735745881671,0.0641492772301843,0.95
"820",30,29,9900,2,0.0243404056346068,0.0795175374010668,0.9
"821",31,28,9920,2,0.0151318652930272,0.0556309647296828,0.96
"822",32,27,9920,2,-0.0110049374298826,0.0679197466008718,0.96
"823",33,26,9900,2,-0.00407504984285856,0.0792252159700468,0.94
"824",34,25,9860,2,-0.0189156711939966,0.0627067519931611,0.96
"825",35,24,9800,2,-0.0368138288252571,0.0738306530455047,0.9
"826",36,23,9720,2,0.00259828767772419,0.0571583756808995,0.96
"827",37,23,9990,2,0.0164362876652793,0.0648306012699851,0.93
"828",38,22,9880,2,0.0104476105963021,0.0435201193818877,0.96
"829",39,21,9750,2,-0.0274999619750909,0.0399637365324186,0.97
"830",40,21,10000,2,-0.00403153650456201,0.0507197821769163,0.94
"831",41,20,9840,2,0.00480006125081189,0.0587096551560594,0.94
"832",42,19,9660,2,-0.0229872197448016,0.0552821196558639,0.93
"833",43,19,9890,2,0.0174582924807032,0.0694546625585206,0.89
"834",44,18,9680,2,0.0362031871120356,0.0710599532545242,0.92
"835",45,18,9900,2,0.0175365131929066,0.0507654707789402,0.95
"836",46,17,9660,2,-0.0246784926360912,0.0341337663267234,0.98
"837",47,17,9870,2,0.00347172789863048,0.0562024978417847,0.92
"838",48,16,9600,2,0.0283313692249254,0.0552278279054233,0.91
"839",49,16,9800,2,-0.0253161498710923,0.0413527175295303,0.94
"840",50,16,10000,2,0.0135180285024834,0.0427614484763122,0.94
"841",51,15,9690,2,0.00502834131768726,0.0478227817930293,0.94
"842",52,15,9880,2,-0.0237699240890596,0.0471807629264971,0.96
"843",53,14,9540,2,0.00772094171365456,0.0418806277031321,0.93
"844",54,14,9720,2,0.0147173817492234,0.0377601883218119,0.94
"845",55,14,9900,2,-0.00666691340477676,0.0375479141891892,0.97
"846",56,13,9520,2,0.0434213994748696,0.042809945256993,0.94
"847",57,13,9690,2,-0.0196973624854904,0.0371117943265405,0.96
"848",58,13,9860,2,-0.013368917078721,0.0390595886633212,0.93
"849",59,12,9440,2,0.0040237211683305,0.0321793065150681,0.98
"850",60,12,9600,2,0.0133693455275048,0.0393826862988629,0.92
"851",61,12,9760,2,0.0168967366261241,0.0335201294045508,0.97
"852",62,12,9920,2,0.00438472755653718,0.0390428554703039,0.93
"853",63,11,9450,2,0.0214558633508659,0.0448599522120342,0.92
"854",64,11,9600,2,-0.015289173489097,0.0363680050212666,0.93
"855",65,11,9750,2,-0.020639031775407,0.0390944255703779,0.94
"856",66,11,9900,2,0.0152600011685045,0.0467004683756935,0.91
"857",67,10,9380,2,-0.000231530707935024,0.0364031639032935,0.93
"858",68,10,9520,2,0.012226534480956,0.0396014148750473,0.93
"859",69,10,9660,2,-0.0156805934566397,0.028839777683618,0.95
"860",70,10,9800,2,-0.000475698399153845,0.0336077940290486,0.93
"861",71,10,9940,2,-0.0103483143562282,0.0443900194293958,0.92
"862",72,9,9360,2,-0.0191031491051894,0.0231841122738092,0.98
"863",73,9,9490,2,-0.0303972403889219,0.0332839795579409,0.94
"864",74,9,9620,2,0.0269515561572065,0.0270916669992099,0.98
"865",75,9,9750,2,-0.00702912475489126,0.0336296377322668,0.94
"866",76,9,9880,2,-0.00515973773453493,0.0239419351059589,0.98
"867",77,8,9240,2,0.0177841265417897,0.0340251093848746,0.93
"868",78,8,9360,2,0.00503470588853672,0.0319398418142947,0.93
"869",79,8,9480,2,0.0313592659218807,0.0414559291551352,0.93
"870",80,8,9600,2,-0.0226902461568534,0.0315387944285044,0.94
"871",81,8,9720,2,0.0282943296656071,0.0359708816661903,0.94
"872",82,8,9840,2,-0.0109632924008074,0.0299796849996061,0.95
"873",83,8,9960,2,0.00648057171138472,0.0309567699051481,0.95
"874",84,7,9240,2,0.00644827621803445,0.0286855349116007,0.94
"875",85,7,9350,2,-0.0191362317657933,0.0354432112813131,0.95
"876",86,7,9460,2,0.0151740099465076,0.0334951674653292,0.93
"877",87,7,9570,2,0.00957010026069938,0.0322108222975264,0.9
"878",88,7,9680,2,-0.0262315913985534,0.0259927726571303,0.95
"879",89,7,9790,2,0.0120767593223854,0.0332165582259908,0.92
"880",90,7,9900,2,-0.0190670079479773,0.0349576490360793,0.95
"881",91,6,9100,2,-0.00266696653120602,0.0276782797880469,0.97
"882",92,6,9200,2,0.00643743460441604,0.0263270534453443,0.95
"883",93,6,9300,2,-0.0295820042479653,0.0245396864534052,0.97
"884",94,6,9400,2,0.00239392693891993,0.0290325435515476,0.95
"885",95,6,9500,2,-0.00522831107784771,0.0331879313094731,0.91
"886",96,6,9600,2,-0.00645729806988982,0.0286505546520896,0.97
"887",97,6,9700,2,0.0175129527496325,0.0261278849806641,0.94
"888",98,6,9800,2,0.0171962887620936,0.0297536233674482,0.94
"889",99,6,9900,2,0.0183392299728524,0.0271765198633581,0.94
"890",100,6,10000,2,-0.0126715085206981,0.0247149900247957,0.93
"891",101,5,9090,2,-0.0211645068661424,0.0243923647035876,0.97
"892",102,5,9180,2,-0.0306125040219207,0.0412946062120218,0.85
"893",103,5,9270,2,-0.00599586820140652,0.0287501730211591,0.93
"894",104,5,9360,2,0.0371537070151975,0.0315530281081735,0.91
"895",105,5,9450,2,0.0044406077011363,0.022173350727551,0.97
"896",106,5,9540,2,0.0333917809492421,0.0286957996546379,0.91
"897",107,5,9630,2,0.0281360920093552,0.0264373534246332,0.93
"898",108,5,9720,2,-0.0167251644649056,0.0203286505425993,0.98
"899",109,5,9810,2,0.0257847607028974,0.0289544750554767,0.92
"900",110,5,9900,2,0.00702510531202627,0.0265022926124848,0.94
"901",111,5,9990,2,0.0166645741462759,0.0273489381115356,0.93
"902",112,4,8960,2,0.0078348859097197,0.0235625504899899,0.95
"903",113,4,9040,2,-0.0156987139381828,0.0251878458432646,0.96
"904",114,4,9120,2,0.00447170656830886,0.0283664551133264,0.97
"905",115,4,9200,2,0.00303356706558899,0.0256712186942356,0.96
"906",116,4,9280,2,-0.0317057935617733,0.0254520048957625,0.95
"907",117,4,9360,2,0.0128380948035778,0.0242215808301554,0.92
"908",118,4,9440,2,0.0186452065333866,0.0231970024330023,0.96
"909",119,4,9520,2,-0.00872828187331698,0.030101874885738,0.92
"910",120,4,9600,2,0.0250549910921696,0.02149218739643,0.98
"911",121,4,9680,2,-0.020591365352453,0.0186460739844478,0.98
"912",122,4,9760,2,-0.00526956077628493,0.0217786986611354,0.97
"913",123,4,9840,2,0.0130207522081358,0.0299000011010042,0.94
"914",124,4,9920,2,-0.00740447749843898,0.0188579566494124,0.98
"915",125,4,10000,2,0.0209037571188726,0.023420492854503,0.94
"916",126,3,8820,2,-0.0146676123867928,0.0200726225462783,0.99
"917",127,3,8890,2,0.0207122716493915,0.0224116244369624,0.96
"918",128,3,8960,2,0.0162268679270143,0.0272603240754429,0.92
"919",129,3,9030,2,0.0128383013590101,0.022245269900175,0.97
"920",130,3,9100,2,-0.0257704282330535,0.0298205994885861,0.96
"921",131,3,9170,2,-0.0132641060498255,0.0267367949451542,0.95
"922",132,3,9240,2,-0.0193414776155409,0.025339618115644,0.96
"923",133,3,9310,2,-0.0252479290218888,0.0198055309617223,0.97
"924",134,3,9380,2,0.000688356137350077,0.0179361295457343,0.96
"925",135,3,9450,2,-0.00407433440023586,0.0222350829771713,0.95
"926",136,3,9520,2,-0.0204178627871656,0.0217442830630322,0.98
"927",137,3,9590,2,-0.0190626273065435,0.0220921952913223,0.97
"928",138,3,9660,2,0.0210455233906952,0.0227254851451478,0.93
"929",139,3,9730,2,0.00226614090876742,0.0309218700759194,0.89
"930",140,3,9800,2,-0.010627899782703,0.0212768087163133,0.97
"931",141,3,9870,2,-0.0114101645025535,0.0211770172577423,0.96
"932",142,3,9940,2,-0.00817817332388127,0.0279657287731077,0.93
"933",143,2,8580,2,0.00588849933964086,0.0238326428959288,0.96
"934",144,2,8640,2,-0.0162190994899851,0.0303857887358355,0.93
"935",145,2,8700,2,0.00137193103395949,0.0251803002982231,0.94
"936",146,2,8760,2,0.0159709194731441,0.0269583082089136,0.95
"937",147,2,8820,2,-0.0153367493426919,0.0344445042087076,0.92
"938",148,2,8880,2,0.0113161074345336,0.0231907645858293,0.97
"939",149,2,8940,2,0.00941896251842689,0.0254376581188447,0.96
"940",150,2,9000,2,0.0283696308959236,0.0247595593322969,0.95
"941",151,2,9060,2,0.00692927162408274,0.0241696999866404,0.97
"942",152,2,9120,2,0.0372309093500633,0.0321444263428321,0.94
"943",153,2,9180,2,-0.00285489487437562,0.0266574453614161,0.94
"944",154,2,9240,2,0.00196343906173935,0.0168067729824809,0.98
"945",155,2,9300,2,0.0191898887892212,0.0301598882923685,0.94
"946",156,2,9360,2,-0.00890510851269299,0.0253726773408916,0.94
"947",157,2,9420,2,0.00548369584964936,0.024055919031823,0.96
"948",158,2,9480,2,-0.00990106097483179,0.0250926037008605,0.95
"949",159,2,9540,2,0.00282317432552137,0.0208202048619488,0.97
"950",160,2,9600,2,-0.00410760766727858,0.0312226576721855,0.92
"951",161,2,9660,2,0.0203124048040677,0.0259244810515891,0.93
"952",162,2,9720,2,0.0233140855439786,0.0267261397358532,0.94
"953",163,2,9780,2,9.22757989223477e-05,0.0224346318497923,0.92
"954",164,2,9840,2,0.0180603526645227,0.0240126585671065,0.95
"955",165,2,9900,2,-0.0223123569572319,0.033754367567274,0.92
"956",166,2,9960,2,-0.0222851267047717,0.0240460438854434,0.94
"957",167,1,8350,2,-0.0175536498842248,0.0407862386397599,0.9
"958",168,1,8400,2,0.00575611313493551,0.0327092333743694,0.96
"959",169,1,8450,2,0.0158880737074796,0.0430284261343603,0.92
"960",170,1,8500,2,-0.0049833718014789,0.0394562270722362,0.94
"961",171,1,8550,2,-0.00655981811995421,0.0420371147010084,0.92
"962",172,1,8600,2,-0.0127219630717232,0.0435305873656615,0.96
"963",173,1,8650,2,0.0200605100361195,0.0349905494913831,0.96
"964",174,1,8700,2,0.00539049028868899,0.0370401324408826,0.93
"965",175,1,8750,2,-0.0118226419838463,0.0261888701745458,0.97
"966",176,1,8800,2,-0.00540030134990266,0.0337303317559901,0.93
"967",177,1,8850,2,0.0166830734915915,0.033121130256081,0.95
"968",178,1,8900,2,-0.034473568811094,0.0380081059429589,0.92
"969",179,1,8950,2,-0.014471275111396,0.0317954977104858,0.95
"970",180,1,9000,2,-0.0419290972061739,0.0422078970786527,0.92
"971",181,1,9050,2,-0.0400006928238148,0.0247794640637247,0.98
"972",182,1,9100,2,0.012121908612079,0.0376141550825822,0.91
"973",183,1,9150,2,-0.00627941762208439,0.0338334563051431,0.96
"974",184,1,9200,2,-0.0491110972925672,0.0324642892466401,0.94
"975",185,1,9250,2,-0.0126747556091196,0.0314908914814986,0.95
"976",186,1,9300,2,-0.000401342455243814,0.0280612781242116,0.96
"977",187,1,9350,2,-0.0277017442062004,0.0308388519594633,0.96
"978",188,1,9400,2,0.0282062173658759,0.0267995007008874,0.98
"979",189,1,9450,2,0.015030283316257,0.0232566683364405,0.98
"980",190,1,9500,2,-0.0181200027296131,0.0308276143712607,0.97
"981",191,1,9550,2,-0.0164863855302462,0.0314794665420089,0.94
"982",192,1,9600,2,-0.0316473611481181,0.0357148393105449,0.93
"983",193,1,9650,2,0.0236869412054492,0.0314425337551062,0.96
"984",194,1,9700,2,-0.0401868829154388,0.0367623342017785,0.93
"985",195,1,9750,2,-0.00327662823663721,0.0297751433297849,0.94
"986",196,1,9800,2,0.000966073046754001,0.0375444974512084,0.92
"987",197,1,9850,2,-0.0196109435152645,0.0270137030247268,0.96
"988",198,1,9900,2,0.00315968349461349,0.0329803997129613,0.93
"989",199,1,9950,2,0.00679806927163629,0.0258226316800752,0.98
"990",200,1,10000,2,0.0148355546283634,0.0282096939176679,0.97
"991",3,329,9990,2.5,-0.167464705552848,0.853686022067177,0.48
"992",4,246,10000,2.5,-0.0336337078934341,0.501603113468203,0.67
"993",5,196,10000,2.5,0.117559041962808,0.408557698692347,0.72
"994",6,162,9960,2.5,0.163170813921179,0.321295606335005,0.86
"995",7,138,9940,2.5,-0.0435165603826406,0.373138336132061,0.83
"996",8,121,10000,2.5,0.0288675629603388,0.260787872522788,0.87
"997",9,107,9990,2.5,0.0663252880129557,0.240826533971318,0.88
"998",10,96,10000,2.5,0.0331625577918033,0.207602814268173,0.88
"999",11,86,9900,2.5,0.0518004151618654,0.202685618911009,0.91
"1000",12,79,9960,2.5,0.0555363210935242,0.178694247005353,0.9
"1001",13,72,9880,2.5,0.00523547506951738,0.183048784553126,0.88
"1002",14,67,9940,2.5,0.0192881197877353,0.139205010434945,0.91
"1003",15,62,9900,2.5,0.00457312906046692,0.127465661426882,0.92
"1004",16,58,9920,2.5,-0.0506715319505764,0.148465868535646,0.92
"1005",17,54,9860,2.5,-0.0106892505422782,0.126796095269016,0.91
"1006",18,51,9900,2.5,0.00474857973171572,0.132463112520995,0.83
"1007",19,48,9880,2.5,-0.0149256987376924,0.0912941401801647,0.93
"1008",20,46,10000,2.5,-0.00331619364847668,0.138159433003356,0.87
"1009",21,43,9870,2.5,0.0178064888254958,0.108891005647628,0.93
"1010",22,41,9900,2.5,0.0777769971072528,0.108127714401348,0.9
"1011",23,39,9890,2.5,-0.0184897401832549,0.0960845591701352,0.92
"1012",24,37,9840,2.5,-0.00121080179332322,0.0765135365820673,0.96
"1013",25,36,10000,2.5,0.0236706674474676,0.0887229709821564,0.95
"1014",26,34,9880,2.5,0.0187227648885542,0.103082084789514,0.93
"1015",27,33,9990,2.5,0.0167002809358023,0.072198085532007,0.96
"1016",28,31,9800,2.5,0.0371562086007899,0.0732217852054,0.96
"1017",29,30,9860,2.5,-0.00252027912110675,0.0678839936350311,0.95
"1018",30,29,9900,2.5,-0.0193868408091906,0.0806818576653177,0.92
"1019",31,28,9920,2.5,0.0305098289744006,0.0794054433511086,0.89
"1020",32,27,9920,2.5,0.00900154600283454,0.0744960075437931,0.94
"1021",33,26,9900,2.5,-0.00664361733234298,0.0585242966699096,0.94
"1022",34,25,9860,2.5,-0.00294853129629091,0.0522208495647361,0.97
"1023",35,24,9800,2.5,-0.00914139148723558,0.0612500758230654,0.93
"1024",36,23,9720,2.5,-0.0196802450229718,0.0627512578511581,0.95
"1025",37,23,9990,2.5,0.0184158455754848,0.0744487239483212,0.9
"1026",38,22,9880,2.5,-0.0065376331308844,0.0550240582924186,0.96
"1027",39,21,9750,2.5,0.0196527352729392,0.0601267857185358,0.99
"1028",40,21,10000,2.5,0.0199386051095036,0.0548045460602401,0.94
"1029",41,20,9840,2.5,0.00968106241309208,0.0443186885024501,0.96
"1030",42,19,9660,2.5,0.00194374034376921,0.0485882037667277,0.98
"1031",43,19,9890,2.5,0.00210718737845239,0.0619468478409936,0.92
"1032",44,18,9680,2.5,0.0221001426475724,0.0431931362775742,0.96
"1033",45,18,9900,2.5,-0.0174803308010878,0.0508149255285325,0.96
"1034",46,17,9660,2.5,0.00776663568670033,0.0519713024214047,0.96
"1035",47,17,9870,2.5,-0.00345707177567833,0.0368995338280893,0.96
"1036",48,16,9600,2.5,-0.00666187195555024,0.0494890424286063,0.96
"1037",49,16,9800,2.5,-0.0259946379537799,0.0478352225865461,0.95
"1038",50,16,10000,2.5,-0.00094874895403807,0.0487467157176178,0.93
"1039",51,15,9690,2.5,0.0210748708622179,0.0474991296935206,0.94
"1040",52,15,9880,2.5,-0.0164286022615165,0.057735758854995,0.87
"1041",53,14,9540,2.5,-0.0145623226372869,0.0375577623216858,0.95
"1042",54,14,9720,2.5,0.0328366923208421,0.0508929449406092,0.93
"1043",55,14,9900,2.5,0.00447764544494023,0.0456169369185034,0.94
"1044",56,13,9520,2.5,0.00139281308708661,0.0380784033383583,0.97
"1045",57,13,9690,2.5,-0.0156731221292881,0.0436830003781133,0.93
"1046",58,13,9860,2.5,0.0191344246965568,0.0451706142015342,0.93
"1047",59,12,9440,2.5,-0.0100791406910563,0.0342567605010422,0.96
"1048",60,12,9600,2.5,0.00125655272092828,0.0296368637322759,0.97
"1049",61,12,9760,2.5,0.00217499627092721,0.0402491219279408,0.94
"1050",62,12,9920,2.5,-0.00421676046449804,0.0377979700465615,0.97
"1051",63,11,9450,2.5,0.0202176341917988,0.0284504284039661,0.99
"1052",64,11,9600,2.5,-0.0371966957082006,0.0389760282696123,0.94
"1053",65,11,9750,2.5,-0.00792254763114908,0.0395648616747063,0.93
"1054",66,11,9900,2.5,-0.0168670727922757,0.0265506950028132,0.98
"1055",67,10,9380,2.5,0.0342490593389018,0.0380741735749625,0.93
"1056",68,10,9520,2.5,-0.00488240853997146,0.0362585710815749,0.97
"1057",69,10,9660,2.5,0.00053323596213728,0.0436924736735873,0.91
"1058",70,10,9800,2.5,-0.0389162606734255,0.0495019709975595,0.89
"1059",71,10,9940,2.5,-0.00264574872465184,0.0278851713254786,0.98
"1060",72,9,9360,2.5,-0.00713711220940061,0.0266139745191777,0.97
"1061",73,9,9490,2.5,0.00739655314472509,0.0368894135234924,0.95
"1062",74,9,9620,2.5,-0.0329252410904637,0.0269983503080917,0.98
"1063",75,9,9750,2.5,-0.00617532148186495,0.0271000511723755,0.97
"1064",76,9,9880,2.5,0.00721062348444024,0.0341316888257857,0.93
"1065",77,8,9240,2.5,-0.0223765803024079,0.0367697687046817,0.92
"1066",78,8,9360,2.5,0.00417343030790596,0.0285438057314849,0.97
"1067",79,8,9480,2.5,-0.00834146831019789,0.0310270156622744,0.95
"1068",80,8,9600,2.5,0.00872409308274946,0.0417322679560613,0.9
"1069",81,8,9720,2.5,-0.00822411850637161,0.0387379926236219,0.91
"1070",82,8,9840,2.5,-0.0125064924773386,0.0264056862137436,0.96
"1071",83,8,9960,2.5,-0.00241781518843087,0.033926694962818,0.94
"1072",84,7,9240,2.5,0.0180030252016126,0.0312772370233478,0.93
"1073",85,7,9350,2.5,0.0250792872981074,0.0299205796711869,0.94
"1074",86,7,9460,2.5,0.0164473332188764,0.0270125988903596,0.97
"1075",87,7,9570,2.5,0.00194976146184977,0.0256572260999926,0.95
"1076",88,7,9680,2.5,-0.0146659983846313,0.0249541019806614,0.96
"1077",89,7,9790,2.5,-0.00808950807141962,0.0278982161328555,0.96
"1078",90,7,9900,2.5,-0.0103779085208986,0.0278417580300582,0.95
"1079",91,6,9100,2.5,-0.0206095342173924,0.0338604008435213,0.94
"1080",92,6,9200,2.5,-0.00295016130054782,0.0320816177025478,0.93
"1081",93,6,9300,2.5,-0.0025266002456581,0.027416129395597,0.95
"1082",94,6,9400,2.5,-0.018545829159244,0.0298357653103873,0.95
"1083",95,6,9500,2.5,-0.0181595561951471,0.0213948627443547,0.98
"1084",96,6,9600,2.5,-0.0350370514835845,0.0331290068830759,0.93
"1085",97,6,9700,2.5,0.00888324198018253,0.0279056585960349,0.94
"1086",98,6,9800,2.5,0.0112836374468168,0.0260839493071938,0.96
"1087",99,6,9900,2.5,-0.0094214687146863,0.0279446769851767,0.95
"1088",100,6,10000,2.5,-0.0141724302804471,0.0319789885016149,0.93
"1089",101,5,9090,2.5,-0.0237709848873102,0.0245313954499854,0.96
"1090",102,5,9180,2.5,-0.00310006784788408,0.0310600932584979,0.94
"1091",103,5,9270,2.5,0.0420501063412533,0.0255571867122913,0.93
"1092",104,5,9360,2.5,-0.00107967478511162,0.0284816909998244,0.95
"1093",105,5,9450,2.5,-0.00717308104817249,0.0262203348873088,0.97
"1094",106,5,9540,2.5,0.00393723006108004,0.0312608313318864,0.96
"1095",107,5,9630,2.5,0.0109314960318949,0.0281883377515493,0.92
"1096",108,5,9720,2.5,0.0234593468234765,0.0264909274521295,0.96
"1097",109,5,9810,2.5,0.00710784666021969,0.0214085214579368,0.94
"1098",110,5,9900,2.5,-0.00896361716515282,0.0301092006633603,0.95
"1099",111,5,9990,2.5,-0.000135317251588329,0.022642934850973,0.97
"1100",112,4,8960,2.5,-0.0356719116504753,0.0313869905711531,0.95
"1101",113,4,9040,2.5,0.013082389309115,0.0264524390669832,0.97
"1102",114,4,9120,2.5,-0.0138869030779469,0.029934574420797,0.92
"1103",115,4,9200,2.5,5.83258794488728e-05,0.028588205222478,0.95
"1104",116,4,9280,2.5,0.0309780186283408,0.0273238683022415,0.92
"1105",117,4,9360,2.5,0.0289455190767085,0.0253739604012386,0.96
"1106",118,4,9440,2.5,0.0186693800363411,0.0260390834948252,0.95
"1107",119,4,9520,2.5,0.0157264031009734,0.027165074151295,0.96
"1108",120,4,9600,2.5,-0.00511893991494183,0.0186943989245678,0.98
"1109",121,4,9680,2.5,-0.00919438859712862,0.023120613976867,0.95
"1110",122,4,9760,2.5,-0.0280238533589574,0.026850930094012,0.95
"1111",123,4,9840,2.5,0.0291109031753956,0.0273151447008545,0.92
"1112",124,4,9920,2.5,-0.0158639330210875,0.02967972368412,0.91
"1113",125,4,10000,2.5,-0.00702981352894927,0.0251361621061978,0.96
"1114",126,3,8820,2.5,-0.0177667442407947,0.0244867479690761,0.97
"1115",127,3,8890,2.5,0.0028217314070651,0.0272200157327776,0.94
"1116",128,3,8960,2.5,-0.0110420688013431,0.0283596308947545,0.94
"1117",129,3,9030,2.5,0.000577090697691407,0.0304638037121762,0.89
"1118",130,3,9100,2.5,-0.00550520712198566,0.023257473294109,0.94
"1119",131,3,9170,2.5,0.0043005553345985,0.0256872933894023,0.95
"1120",132,3,9240,2.5,0.004874927270476,0.0258249272163985,0.93
"1121",133,3,9310,2.5,0.001402323678934,0.0274694162482467,0.93
"1122",134,3,9380,2.5,-0.00107837480534911,0.0330176491361775,0.91
"1123",135,3,9450,2.5,0.00947029223159523,0.0212553558001739,0.95
"1124",136,3,9520,2.5,-0.0157852023456031,0.0287820548764226,0.93
"1125",137,3,9590,2.5,-0.0389604310336464,0.028615065343458,0.92
"1126",138,3,9660,2.5,-0.00589717727068084,0.0200042582893484,0.99
"1127",139,3,9730,2.5,-0.00228152979268659,0.0255101836904913,0.92
"1128",140,3,9800,2.5,-0.0180933862570698,0.0233434250042636,0.97
"1129",141,3,9870,2.5,0.0330438405900493,0.0258139145635768,0.93
"1130",142,3,9940,2.5,-0.0224946042827816,0.0267025132160777,0.94
"1131",143,2,8580,2.5,0.00247354950472678,0.0312347908494861,0.95
"1132",144,2,8640,2.5,0.00640902190013248,0.0233689893781951,0.97
"1133",145,2,8700,2.5,-0.0154137205561686,0.0297436198153786,0.94
"1134",146,2,8760,2.5,-0.0108245394406645,0.0265198469166049,0.99
"1135",147,2,8820,2.5,-0.015997838055108,0.025292821375884,0.94
"1136",148,2,8880,2.5,0.0303439341925626,0.0306225406012086,0.94
"1137",149,2,8940,2.5,-0.0238980468944852,0.025057257006911,0.96
"1138",150,2,9000,2.5,0.0136795132279022,0.0265626620145144,0.96
"1139",151,2,9060,2.5,-0.01207798195564,0.0253439056322257,0.95
"1140",152,2,9120,2.5,-0.00254233917346447,0.0237035899585116,0.97
"1141",153,2,9180,2.5,-0.00478671404076758,0.025387901694426,0.96
"1142",154,2,9240,2.5,-0.00922179751331198,0.0246750116338847,0.94
"1143",155,2,9300,2.5,-0.0246909979553327,0.026710899843019,0.95
"1144",156,2,9360,2.5,-0.0247686194935381,0.0242907147018365,0.95
"1145",157,2,9420,2.5,-0.0101595894340027,0.0293711207912242,0.94
"1146",158,2,9480,2.5,-0.00198323391471966,0.0207628920584498,0.97
"1147",159,2,9540,2.5,-0.00995927882927772,0.0275815331896966,0.93
"1148",160,2,9600,2.5,0.00170204131596563,0.0265334495331272,0.97
"1149",161,2,9660,2.5,0.000636864449238495,0.0248218308006449,0.93
"1150",162,2,9720,2.5,0.0173627080666998,0.019951695640793,0.96
"1151",163,2,9780,2.5,0.00538029181114652,0.0199149525694611,0.99
"1152",164,2,9840,2.5,0.0297642244945329,0.0249838540471373,0.96
"1153",165,2,9900,2.5,-0.00176003621286025,0.0192056435308265,0.98
"1154",166,2,9960,2.5,-0.00628408091354515,0.0308821493123856,0.87
"1155",167,1,8350,2.5,0.0126434929174164,0.0385393115023167,0.95
"1156",168,1,8400,2.5,0.0138532015157797,0.0298414358632706,0.97
"1157",169,1,8450,2.5,-0.0214829580175531,0.0353974548399332,0.96
"1158",170,1,8500,2.5,0.0101614280030251,0.0386942796054151,0.93
"1159",171,1,8550,2.5,-0.00421183726644792,0.0435223133760381,0.92
"1160",172,1,8600,2.5,-0.00525243195343128,0.0309893981105919,0.98
"1161",173,1,8650,2.5,-0.0051386008897083,0.0393042438841871,0.92
"1162",174,1,8700,2.5,-0.0143559040167753,0.0293594977278945,0.95
"1163",175,1,8750,2.5,-0.0125783566418622,0.033491845419671,0.94
"1164",176,1,8800,2.5,-0.0320896697931814,0.0392597714109712,0.92
"1165",177,1,8850,2.5,0.0168865028692693,0.0306347000425239,0.95
"1166",178,1,8900,2.5,0.0156208100823694,0.0252581222797287,1
"1167",179,1,8950,2.5,-0.0162728190432295,0.0324506292698876,0.96
"1168",180,1,9000,2.5,-0.0406087940133637,0.0284113868724212,0.96
"1169",181,1,9050,2.5,0.0157683828530493,0.0339116790042568,0.97
"1170",182,1,9100,2.5,-0.00247748787200086,0.0293973929853287,0.96
"1171",183,1,9150,2.5,0.00921241016059904,0.0299584578022706,0.95
"1172",184,1,9200,2.5,0.0212404320351727,0.0359856067682629,0.93
"1173",185,1,9250,2.5,0.00149775398517438,0.031913296505944,0.94
"1174",186,1,9300,2.5,0.0317905874967983,0.0307114556476045,0.97
"1175",187,1,9350,2.5,0.012027741598363,0.0235056134360702,0.99
"1176",188,1,9400,2.5,-0.00156712624361566,0.0339555441134218,0.93
"1177",189,1,9450,2.5,-0.0393024863208011,0.0375731883684457,0.93
"1178",190,1,9500,2.5,-0.0106806679334359,0.0284352240160287,0.96
"1179",191,1,9550,2.5,-0.0016206895373494,0.0322746423498619,0.94
"1180",192,1,9600,2.5,-0.0336168985733472,0.034972401463816,0.94
"1181",193,1,9650,2.5,0.0435533175358431,0.0319891514439334,0.93
"1182",194,1,9700,2.5,0.0156168032168824,0.0373197671933553,0.91
"1183",195,1,9750,2.5,0.0121938543735611,0.0258320864484165,0.97
"1184",196,1,9800,2.5,0.0116643446270106,0.0284378062126597,0.93
"1185",197,1,9850,2.5,-0.0197350804089775,0.0344143997184422,0.95
"1186",198,1,9900,2.5,-0.0294245498406598,0.0345022565519743,0.91
"1187",199,1,9950,2.5,0.00655714571871124,0.0255475019607241,0.95
"1188",200,1,10000,2.5,0.00143770874012406,0.0344417730860986,0.95
"1189",3,329,9990,3,0.0734515433277347,0.624245470228483,0.51
"1190",4,246,10000,3,-0.0638845278418625,0.576198640490507,0.63
"1191",5,196,10000,3,-0.0014867323059673,0.465179541783812,0.78
"1192",6,162,9960,3,-0.0596811989219397,0.381985651217931,0.77
"1193",7,138,9940,3,0.00534883929792596,0.412281274453288,0.74
"1194",8,121,10000,3,-0.00633349966245955,0.273721188682475,0.87
"1195",9,107,9990,3,-0.0375484104797619,0.22255038863802,0.89
"1196",10,96,10000,3,-0.0127068010067788,0.220762531546782,0.91
"1197",11,86,9900,3,-0.0630501335983897,0.209225784233944,0.86
"1198",12,79,9960,3,0.0976345521598057,0.263361770374516,0.85
"1199",13,72,9880,3,0.029092280729798,0.205445398119026,0.89
"1200",14,67,9940,3,0.0182924834646796,0.186834606950508,0.87
"1201",15,62,9900,3,-0.0085644281972943,0.148018628941463,0.95
"1202",16,58,9920,3,0.0500523000157793,0.189443753577586,0.86
"1203",17,54,9860,3,-0.00178921422873035,0.105084096639252,0.95
"1204",18,51,9900,3,-0.0156670447907024,0.126644980771672,0.88
"1205",19,48,9880,3,0.0458168538274957,0.125315100506126,0.88
"1206",20,46,10000,3,0.00882251210303675,0.115579202047341,0.93
"1207",21,43,9870,3,0.00885217568375074,0.110701563849841,0.87
"1208",22,41,9900,3,0.0248708555933135,0.105611487475118,0.91
"1209",23,39,9890,3,0.0571278501166526,0.0950739697966862,0.9
"1210",24,37,9840,3,0.0185010084234833,0.0967238895273113,0.92
"1211",25,36,10000,3,0.0142370687558722,0.0861591185997101,0.9
"1212",26,34,9880,3,0.0047129500044889,0.0872864460043123,0.94
"1213",27,33,9990,3,0.00452404926131633,0.0822330875058421,0.94
"1214",28,31,9800,3,0.0485488223547548,0.0846117178028645,0.93
"1215",29,30,9860,3,-0.0408045547300273,0.0821183966979316,0.97
"1216",30,29,9900,3,-0.0518536000392396,0.0978433906293914,0.9
"1217",31,28,9920,3,-0.00908560410134518,0.0684594109060835,0.93
"1218",32,27,9920,3,0.0153851305023496,0.0635763546811425,0.95
"1219",33,26,9900,3,-0.0192454767750729,0.0637801246199096,0.95
"1220",34,25,9860,3,0.0109806924427649,0.0790690188973635,0.92
"1221",35,24,9800,3,0.0302416472128737,0.0542881924063683,0.95
"1222",36,23,9720,3,-0.0156033733747885,0.0607981931660718,0.94
"1223",37,23,9990,3,-0.0172321747700765,0.0975618214600323,0.84
"1224",38,22,9880,3,-0.0320992837018541,0.0634853630979825,0.94
"1225",39,21,9750,3,0.0020984965043116,0.0560592560950007,0.95
"1226",40,21,10000,3,0.0396236611776013,0.0639617121465257,0.95
"1227",41,20,9840,3,-0.0130660743908972,0.0539777435679468,0.92
"1228",42,19,9660,3,0.0173343213548414,0.0529237909267922,0.94
"1229",43,19,9890,3,0.0253469382014129,0.0582238189835284,0.94
"1230",44,18,9680,3,-0.019320151499306,0.0596122116156185,0.88
"1231",45,18,9900,3,-0.00895944473388433,0.0462366085311562,0.96
"1232",46,17,9660,3,-0.00885640247111796,0.0466476276717173,0.94
"1233",47,17,9870,3,0.00626080174492083,0.0605907839718699,0.9
"1234",48,16,9600,3,-0.0303047687637616,0.0531443908808145,0.9
"1235",49,16,9800,3,0.0215545220238877,0.0419005291046233,0.94
"1236",50,16,10000,3,0.0334002951292667,0.0487041848312374,0.91
"1237",51,15,9690,3,-0.00270468154993964,0.0413978346379863,0.92
"1238",52,15,9880,3,0.0409402033681601,0.0490113515961928,0.93
"1239",53,14,9540,3,0.0237290665191785,0.0442306149237531,0.91
"1240",54,14,9720,3,-0.0127969494992128,0.049256358899564,0.94
"1241",55,14,9900,3,-0.0203145359737182,0.0384624119752457,0.96
"1242",56,13,9520,3,-0.0133253912998312,0.0520677380304843,0.91
"1243",57,13,9690,3,-0.0214866211220315,0.0351046404778792,0.97
"1244",58,13,9860,3,-0.00268917693546689,0.0486920512705159,0.92
"1245",59,12,9440,3,-0.0142400084026768,0.0480124992929303,0.92
"1246",60,12,9600,3,-0.0204937293723586,0.0345768185378918,0.96
"1247",61,12,9760,3,-0.00181579099357965,0.0490204549675773,0.92
"1248",62,12,9920,3,0.000367752778500208,0.0393052939134738,0.94
"1249",63,11,9450,3,-0.0113067277407199,0.0385616824542566,0.94
"1250",64,11,9600,3,0.0422301656147037,0.0412083469120485,0.9
"1251",65,11,9750,3,-0.0189603862604808,0.0365293838117955,0.95
"1252",66,11,9900,3,-0.000586871808467837,0.0427840388421393,0.91
"1253",67,10,9380,3,0.0102946596146998,0.0331860593515163,0.95
"1254",68,10,9520,3,-0.057968263670801,0.0402470076854963,0.94
"1255",69,10,9660,3,-0.0227151184061443,0.0374766731260214,0.93
"1256",70,10,9800,3,-0.0247729585419405,0.0301180307307068,0.96
"1257",71,10,9940,3,-0.00368819597932912,0.0381978821115328,0.92
"1258",72,9,9360,3,0.0108936553563002,0.0380594636122895,0.94
"1259",73,9,9490,3,0.0309847582426515,0.0361107366848828,0.92
"1260",74,9,9620,3,-0.022113048699981,0.0299984995095121,0.98
"1261",75,9,9750,3,-0.0158477135298738,0.0362923431146761,0.92
"1262",76,9,9880,3,0.000264819754844936,0.0215649418334764,0.96
"1263",77,8,9240,3,0.00279281963681033,0.0329690744009508,0.97
"1264",78,8,9360,3,0.0106354240908377,0.0352983888055789,0.93
"1265",79,8,9480,3,-0.00792608086212443,0.0299845625826655,0.93
"1266",80,8,9600,3,-0.0116911154922574,0.0313273827516015,0.96
"1267",81,8,9720,3,0.0085357311302352,0.0316088953245615,0.96
"1268",82,8,9840,3,0.00736238896550923,0.029124169629912,0.95
"1269",83,8,9960,3,0.00354890228083526,0.0317035127071608,0.94
"1270",84,7,9240,3,0.00129315576333733,0.026097671198705,0.96
"1271",85,7,9350,3,-0.0270436383020614,0.0260197254591395,0.97
"1272",86,7,9460,3,-0.0130643617891604,0.0261652325111789,0.95
"1273",87,7,9570,3,0.0140941746882044,0.0314971479908561,0.94
"1274",88,7,9680,3,0.00148927969785095,0.0337821604882366,0.95
"1275",89,7,9790,3,-0.016836275005577,0.0309966479024106,0.95
"1276",90,7,9900,3,-0.00357818851605041,0.0262747745495497,0.93
"1277",91,6,9100,3,0.0271241443525665,0.0338138774077464,0.94
"1278",92,6,9200,3,0.00176439603041123,0.0252243137981812,0.95
"1279",93,6,9300,3,0.0343531049537531,0.024501625988333,0.95
"1280",94,6,9400,3,0.0199901489895957,0.0321151070392544,0.95
"1281",95,6,9500,3,-0.0108175201128944,0.0256734818532162,0.98
"1282",96,6,9600,3,0.00238054994226244,0.0227200976318957,0.95
"1283",97,6,9700,3,0.0504398535937272,0.0322732072965912,0.9
"1284",98,6,9800,3,-0.00492631927289366,0.0247723760237975,0.96
"1285",99,6,9900,3,-0.00200095877118844,0.0211356566542858,0.94
"1286",100,6,10000,3,-0.0216122967007157,0.025749979994856,0.94
"1287",101,5,9090,3,-0.00574077681553886,0.0272539384352008,0.94
"1288",102,5,9180,3,0.000369778640665785,0.025400239037755,0.91
"1289",103,5,9270,3,-0.000662523639018531,0.0234158586549589,0.97
"1290",104,5,9360,3,-0.0063852174275496,0.0268754277569771,0.91
"1291",105,5,9450,3,0.00373169171635501,0.0245768303701984,0.95
"1292",106,5,9540,3,-0.00400904024790938,0.0287627965708584,0.91
"1293",107,5,9630,3,-0.0130909096865977,0.0258541876662614,0.96
"1294",108,5,9720,3,0.0128986382594838,0.0242282674615458,0.93
"1295",109,5,9810,3,0.00622309903476115,0.0283232746506816,0.96
"1296",110,5,9900,3,-0.00244625526531017,0.0272935075851901,0.93
"1297",111,5,9990,3,0.0006101206567517,0.0220671496297594,0.95
"1298",112,4,8960,3,-0.0178806436486458,0.0225549645429663,1
"1299",113,4,9040,3,0.00370012026067013,0.0266194555995896,0.96
"1300",114,4,9120,3,0.00251478365702429,0.0300410403243001,0.93
"1301",115,4,9200,3,0.0214512136085769,0.0224979307021963,0.96
"1302",116,4,9280,3,0.00596128300547427,0.020723914278603,0.98
"1303",117,4,9360,3,-0.00284990579002331,0.0243755655495098,0.97
"1304",118,4,9440,3,0.0154624089161999,0.0302069317927461,0.96
"1305",119,4,9520,3,-0.00985478424603548,0.0237459392403877,0.96
"1306",120,4,9600,3,0.0205006717123748,0.0261324578907357,0.95
"1307",121,4,9680,3,-0.0178392921942754,0.0269635869372802,0.95
"1308",122,4,9760,3,-0.00600826041878033,0.0275826747304028,0.92
"1309",123,4,9840,3,0.0148128398682164,0.0213972767059932,0.95
"1310",124,4,9920,3,-0.00524796868091038,0.0270898006984242,0.94
"1311",125,4,10000,3,0.00371719644646129,0.0258962673457945,0.97
"1312",126,3,8820,3,-0.0175143766919188,0.0324507006028997,0.91
"1313",127,3,8890,3,0.00863665634618238,0.0239659321714123,0.95
"1314",128,3,8960,3,-0.00873945435875134,0.0337338902608044,0.93
"1315",129,3,9030,3,-0.021460798739942,0.0269892272926037,0.94
"1316",130,3,9100,3,-0.00718653044985818,0.0240550428864303,0.96
"1317",131,3,9170,3,-0.0166148047537087,0.0204713557956007,0.94
"1318",132,3,9240,3,0.00630575127262212,0.0251011307029952,0.96
"1319",133,3,9310,3,0.00588211912745162,0.0285497576675236,0.91
"1320",134,3,9380,3,0.0304387703741411,0.0297265795765754,0.93
"1321",135,3,9450,3,0.0124395541986937,0.0242530448295315,0.96
"1322",136,3,9520,3,-0.0250732149863504,0.022140406910794,0.93
"1323",137,3,9590,3,-0.0227906694692286,0.0213001686619217,0.97
"1324",138,3,9660,3,-0.00331695081211958,0.0238434388437789,0.93
"1325",139,3,9730,3,-0.00103851403871236,0.0218406604983817,0.96
"1326",140,3,9800,3,0.00667343814367305,0.0293967087831058,0.91
"1327",141,3,9870,3,0.0113221330221283,0.024887735363822,0.95
"1328",142,3,9940,3,-0.0141922911101293,0.0222997342789915,0.95
"1329",143,2,8580,3,-0.0222883685919375,0.02348451924311,0.95
"1330",144,2,8640,3,-0.0214789516749754,0.0310007527156678,0.92
"1331",145,2,8700,3,0.0283456686486785,0.0270717721670363,0.95
"1332",146,2,8760,3,-0.0221418171032202,0.0213287346060593,0.97
"1333",147,2,8820,3,0.0235192886624742,0.0288692661261339,0.94
"1334",148,2,8880,3,-0.0133073686861391,0.0317959804947435,0.93
"1335",149,2,8940,3,-0.0147516247744184,0.0295085045112064,0.9
"1336",150,2,9000,3,0.00423926699355626,0.0262854002829553,0.93
"1337",151,2,9060,3,-0.0095223350199598,0.0283215726952004,0.95
"1338",152,2,9120,3,-0.000110937735389616,0.0256453841112399,0.97
"1339",153,2,9180,3,0.00511324672726943,0.031886415335862,0.93
"1340",154,2,9240,3,0.0241350381877381,0.0226494967772411,0.97
"1341",155,2,9300,3,-0.021164403672139,0.0270099598993905,0.93
"1342",156,2,9360,3,-0.0126744583165554,0.0222682073471838,0.97
"1343",157,2,9420,3,-0.00787951693558986,0.0214671597674865,0.98
"1344",158,2,9480,3,-0.0150292857006047,0.0279203938732462,0.93
"1345",159,2,9540,3,-0.0132180495503391,0.0274228449420771,0.94
"1346",160,2,9600,3,-0.00209294522131831,0.0183040444315709,0.99
"1347",161,2,9660,3,0.00702439972155711,0.0191886006762808,0.99
"1348",162,2,9720,3,-0.0193840246366364,0.0274250555888075,0.93
"1349",163,2,9780,3,-0.0431955153610182,0.0376407351272056,0.88
"1350",164,2,9840,3,0.0103251185932045,0.0234235720155461,0.99
"1351",165,2,9900,3,-0.00971921408329779,0.0252901541453847,0.95
"1352",166,2,9960,3,0.0278332894883491,0.0265475994560321,0.92
"1353",167,1,8350,3,0.0176346917175496,0.0520293962594085,0.93
"1354",168,1,8400,3,0.0234327502319398,0.0363640537849555,0.95
"1355",169,1,8450,3,0.0466275517674992,0.0400494897239658,0.92
"1356",170,1,8500,3,0.0159161393144922,0.0371115701619482,0.96
"1357",171,1,8550,3,-0.0348155388943043,0.037422458440868,0.92
"1358",172,1,8600,3,-0.00157010686667647,0.0303948647022853,0.96
"1359",173,1,8650,3,0.0154014810952066,0.0361545444635338,0.93
"1360",174,1,8700,3,-0.0136426106340397,0.0322839418963024,0.99
"1361",175,1,8750,3,0.0145103011947612,0.0351860324460451,0.96
"1362",176,1,8800,3,-0.0132717115529992,0.0319220143205544,0.95
"1363",177,1,8850,3,-0.00207866196100959,0.0348570915326703,0.93
"1364",178,1,8900,3,0.0260777956093752,0.0309063118484061,0.96
"1365",179,1,8950,3,-0.00267555578737477,0.0341072747050969,0.95
"1366",180,1,9000,3,0.0313896507168718,0.0355345900919785,0.95
"1367",181,1,9050,3,-0.0119554398408011,0.0314025683466241,0.98
"1368",182,1,9100,3,-0.0118217602442674,0.0318844794981112,0.95
"1369",183,1,9150,3,0.00253508663575053,0.0371363650125949,0.93
"1370",184,1,9200,3,0.0010559343695804,0.0281423199171873,0.97
"1371",185,1,9250,3,-0.00185895591839014,0.0362576049481937,0.93
"1372",186,1,9300,3,-0.0159377313324485,0.0279937263759208,0.98
"1373",187,1,9350,3,-0.00911950174818488,0.0265837598016114,0.96
"1374",188,1,9400,3,0.00144776157386284,0.0245966620600211,0.98
"1375",189,1,9450,3,-0.0139645084912301,0.0315994979821603,0.96
"1376",190,1,9500,3,0.00027547430732433,0.0240142667159863,0.97
"1377",191,1,9550,3,-0.028449877659066,0.0294166253377857,0.97
"1378",192,1,9600,3,-0.0272704169003286,0.0438691904780335,0.93
"1379",193,1,9650,3,-0.0261831150831555,0.034403370192199,0.94
"1380",194,1,9700,3,0.0124208797336025,0.0330320587263821,0.92
"1381",195,1,9750,3,0.00773357457493296,0.0304849918413794,0.95
"1382",196,1,9800,3,-0.0314466803536599,0.0362093552119727,0.94
"1383",197,1,9850,3,-0.00301926278255671,0.0288066495546908,0.96
"1384",198,1,9900,3,-0.00148176717583937,0.0298607331862701,0.95
"1385",199,1,9950,3,-0.0177137099344118,0.0371316080210974,0.94
"1386",200,1,10000,3,0.0145748452247445,0.029086899362236,0.96
