"","G","R","total_cost","alpha","bias","mse","coverage"
"1",3,329,9990,0,-0.0773981948922356,0.721434366576315,0.57
"2",4,246,10000,0,-0.0533684247052434,0.466049049189609,0.67
"3",5,196,10000,0,-0.059010296994077,0.549162145772179,0.67
"4",6,162,9960,0,-0.0204704566600992,0.444410534184668,0.74
"5",7,138,9940,0,0.078036433775351,0.32352532491567,0.8
"6",8,121,10000,0,0.0356109093668028,0.324719178966053,0.89
"7",9,107,9990,0,-0.0436045536922938,0.249155052057073,0.87
"8",10,96,10000,0,-0.0648447303010928,0.239636107549507,0.91
"9",11,86,9900,0,-0.00272733425938043,0.208275665010003,0.9
"10",12,79,9960,0,0.037970178377313,0.149133022880541,0.95
"11",13,72,9880,0,-0.00103575800313432,0.141165412138658,0.93
"12",14,67,9940,0,-0.0147119687036152,0.151538555470783,0.93
"13",15,62,9900,0,-0.0558999859574045,0.148477168023249,0.91
"14",16,58,9920,0,0.0044824188869963,0.133843033433398,0.9
"15",17,54,9860,0,0.0113989061215544,0.105131751010023,0.93
"16",18,51,9900,0,0.0344397033603693,0.0912843140035687,0.96
"17",19,48,9880,0,-0.0431629753307432,0.111662516915434,0.91
"18",20,46,10000,0,-0.0147904280156974,0.106649266841395,0.92
"19",21,43,9870,0,0.0179705792384716,0.103608880254652,0.9
"20",22,41,9900,0,-0.042651527234196,0.0919187755752116,0.93
"21",23,39,9890,0,0.0307016422380094,0.0925764359008052,0.93
"22",24,37,9840,0,0.0171852127320669,0.0805904023397764,0.92
"23",25,36,10000,0,-0.039879800291005,0.0721684538659897,0.95
"24",26,34,9880,0,-0.0307190430454504,0.0943373103081514,0.91
"25",27,33,9990,0,0.00500012030864372,0.0687067663063594,0.95
"26",28,31,9800,0,0.0149289143012475,0.0767155539790134,0.95
"27",29,30,9860,0,0.0178262648734863,0.0982138087069621,0.9
"28",30,29,9900,0,0.0131943280116862,0.0740689059445884,0.93
"29",31,28,9920,0,0.0209091365938152,0.0719387251644462,0.93
"30",32,27,9920,0,0.0180489111428388,0.0612729962506906,0.97
"31",33,26,9900,0,-0.0256900417235927,0.0569398150074636,0.95
"32",34,25,9860,0,0.00753246062883939,0.0620132510582652,0.93
"33",35,24,9800,0,0.0510162086764882,0.0692717673036947,0.93
"34",36,23,9720,0,-0.00798961259343456,0.0822816199243309,0.87
"35",37,23,9990,0,-0.0205204540474069,0.0631141272410512,0.94
"36",38,22,9880,0,-0.0211033925419286,0.0504503981775195,0.93
"37",39,21,9750,0,0.0400544929489952,0.0522390939336435,0.94
"38",40,21,10000,0,-0.00468448924516335,0.0681734343104278,0.89
"39",41,20,9840,0,0.015111009263343,0.0528491858732223,0.92
"40",42,19,9660,0,-0.0016288650645217,0.0602094229268293,0.92
"41",43,19,9890,0,-0.015071758416042,0.0558657088386289,0.96
"42",44,18,9680,0,-0.0091890573282426,0.0531936255660344,0.92
"43",45,18,9900,0,0.0251894013907035,0.0506591347901681,0.87
"44",46,17,9660,0,-0.012379135713507,0.0498950162430799,0.92
"45",47,17,9870,0,-0.0420677020657566,0.0432508892636374,0.95
"46",48,16,9600,0,-0.00169687673795321,0.0523451517693496,0.96
"47",49,16,9800,0,-0.00525853058144521,0.0417008932152768,0.97
"48",50,16,10000,0,-0.00568943985176712,0.0459667441177373,0.93
"49",51,15,9690,0,0.0291290186562808,0.0498245003780204,0.93
"50",52,15,9880,0,0.0127068419179579,0.0425519230788757,0.97
"51",53,14,9540,0,-0.014877415475537,0.0360225865127042,0.97
"52",54,14,9720,0,0.025589095409157,0.0406122683171666,0.95
"53",55,14,9900,0,0.00878399077097258,0.0460850454626867,0.94
"54",56,13,9520,0,-0.0112800006105139,0.048420862574551,0.92
"55",57,13,9690,0,0.0215347462963655,0.0412669224099802,0.94
"56",58,13,9860,0,0.0165026884936261,0.0428244946870267,0.94
"57",59,12,9440,0,-0.0258228926525168,0.0460450091489294,0.92
"58",60,12,9600,0,0.011417467166625,0.0508311892267716,0.91
"59",61,12,9760,0,0.0223220148240023,0.038675033739244,0.95
"60",62,12,9920,0,0.028792591638683,0.0384150722582156,0.94
"61",63,11,9450,0,0.00297513960867735,0.0430116756584088,0.94
"62",64,11,9600,0,-0.00101657793570092,0.0360038093382486,0.96
"63",65,11,9750,0,0.0178203529797157,0.0351796104725049,0.96
"64",66,11,9900,0,0.00273176657541929,0.031239505331376,0.96
"65",67,10,9380,0,-0.0044795401397878,0.0323505540225549,0.96
"66",68,10,9520,0,-0.0143837512955681,0.0340594978173796,0.93
"67",69,10,9660,0,-0.00788519642360863,0.04398121040342,0.92
"68",70,10,9800,0,0.0244986560963938,0.0301242184761388,0.96
"69",71,10,9940,0,-0.0115079764112429,0.0360870664581167,0.92
"70",72,9,9360,0,0.0147744864416628,0.0313204207810275,0.94
"71",73,9,9490,0,0.000790129895886671,0.0401751616362929,0.93
"72",74,9,9620,0,0.00750602484465412,0.0276431425835233,0.97
"73",75,9,9750,0,0.0347865392203351,0.0421164305558424,0.86
"74",76,9,9880,0,0.0187451262061202,0.0434700563472213,0.9
"75",77,8,9240,0,0.0176530045731177,0.034782505485018,0.95
"76",78,8,9360,0,0.0309490871618264,0.0297958080705437,0.96
"77",79,8,9480,0,0.0249472294205262,0.0363238818638457,0.9
"78",80,8,9600,0,0.00979351012577168,0.0303928931481565,0.95
"79",81,8,9720,0,0.00974748372768253,0.0243794141662996,0.96
"80",82,8,9840,0,-0.00801160126931721,0.0309375133433949,0.92
"81",83,8,9960,0,-0.00184144592140972,0.0328157883776016,0.92
"82",84,7,9240,0,0.00591065109566002,0.0252957114819763,0.97
"83",85,7,9350,0,0.00589493500361693,0.0338294932220804,0.92
"84",86,7,9460,0,0.0128004022018917,0.0255974234234891,0.96
"85",87,7,9570,0,-0.00760543257170399,0.0279191639522512,0.94
"86",88,7,9680,0,0.0206532768125459,0.0321155204729523,0.94
"87",89,7,9790,0,0.021395810271186,0.0342137929521242,0.93
"88",90,7,9900,0,0.0064797091095492,0.0300383159484478,0.94
"89",91,6,9100,0,-0.0349453689852069,0.0325567530879562,0.94
"90",92,6,9200,0,-0.0184324501305848,0.0347330997885014,0.94
"91",93,6,9300,0,-0.0117831637944819,0.0278839628863003,0.97
"92",94,6,9400,0,8.24261693719297e-05,0.0283936960879032,0.95
"93",95,6,9500,0,0.00596808343267197,0.0260926845380229,0.97
"94",96,6,9600,0,-0.00373603398082467,0.0247785164879678,0.95
"95",97,6,9700,0,-0.0276602134014111,0.0293558907582663,0.95
"96",98,6,9800,0,0.00114810018267231,0.0299388048513087,0.92
"97",99,6,9900,0,-0.0106985283154812,0.0211727143888788,0.96
"98",100,6,10000,0,-6.91055364365756e-06,0.0216001194822992,0.95
"99",101,5,9090,0,0.0184138899038763,0.0249835960535104,0.92
"100",102,5,9180,0,0.0194455327604982,0.0386709086621748,0.86
"101",103,5,9270,0,-0.012078013837419,0.0270344555587575,0.98
"102",104,5,9360,0,0.0210759849611778,0.0277360169623275,0.96
"103",105,5,9450,0,0.017958536736225,0.0274186343871654,0.95
"104",106,5,9540,0,0.025859148503609,0.0284901749128978,0.94
"105",107,5,9630,0,-0.012541484978164,0.0208766233497329,0.98
"106",108,5,9720,0,0.000151261390911817,0.0221195892376222,0.97
"107",109,5,9810,0,0.0233251828492709,0.0281376004138584,0.96
"108",110,5,9900,0,0.0289711745853619,0.0258307904218941,0.93
"109",111,5,9990,0,0.00879589488974131,0.0330476142914344,0.91
"110",112,4,8960,0,0.0249897017122023,0.0260833114652884,0.95
"111",113,4,9040,0,-0.00265429501890196,0.0258518108817256,0.94
"112",114,4,9120,0,0.00583989083487146,0.0273413959551983,0.95
"113",115,4,9200,0,0.00351427861535958,0.0261282953541982,0.94
"114",116,4,9280,0,-0.0151463347688399,0.0191477818772966,0.94
"115",117,4,9360,0,0.00926393960127314,0.0285266480976401,0.93
"116",118,4,9440,0,-0.0084712452464254,0.0283942051267811,0.94
"117",119,4,9520,0,-0.0107681866772392,0.0260040676179934,0.94
"118",120,4,9600,0,0.025966574702692,0.028173178444745,0.91
"119",121,4,9680,0,-0.00103897830536337,0.0245477120926007,0.96
"120",122,4,9760,0,0.024871334781555,0.0281130808870037,0.93
"121",123,4,9840,0,-0.0194056347567982,0.0240714435296438,0.95
"122",124,4,9920,0,-0.0176690783483434,0.0199452150390266,0.97
"123",125,4,10000,0,-0.0127987830582503,0.0302358627074614,0.92
"124",126,3,8820,0,-0.00686832997209241,0.0318601843263521,0.91
"125",127,3,8890,0,0.00286513077433337,0.0271172154002944,0.94
"126",128,3,8960,0,-0.00932962204247612,0.0246358274350468,0.95
"127",129,3,9030,0,-0.0188973278914877,0.0307653343142929,0.9
"128",130,3,9100,0,-0.0295190879765642,0.022650523026789,0.98
"129",131,3,9170,0,-0.0042736836072863,0.026631266001375,0.94
"130",132,3,9240,0,0.0149473370590978,0.0243875708397414,0.91
"131",133,3,9310,0,0.0155102964495921,0.0229301945429448,0.94
"132",134,3,9380,0,0.00113259113571407,0.0304953626501021,0.93
"133",135,3,9450,0,0.00350359903275399,0.0229078376356233,0.95
"134",136,3,9520,0,0.00371259647758881,0.0303434140964352,0.89
"135",137,3,9590,0,0.0294268652554831,0.0265977150550317,0.91
"136",138,3,9660,0,0.00749099968002398,0.0272088088624526,0.91
"137",139,3,9730,0,0.00854713208725832,0.0202228314760578,0.96
"138",140,3,9800,0,-0.0278972799758876,0.0223352741457925,0.96
"139",141,3,9870,0,-0.00580451347989863,0.0206457363445867,0.97
"140",142,3,9940,0,-0.0103178625747114,0.0178435161398362,0.96
"141",143,2,8580,0,0.01272715059119,0.0230685239277216,0.97
"142",144,2,8640,0,0.000146993619737357,0.0243196912435563,0.97
"143",145,2,8700,0,-0.000336603963003779,0.0191116798611392,0.97
"144",146,2,8760,0,0.00381444562312783,0.0308931461413107,0.92
"145",147,2,8820,0,-0.00705853928016281,0.030790606190346,0.91
"146",148,2,8880,0,0.00443212119272696,0.0232668328928022,0.94
"147",149,2,8940,0,-0.00995745302750289,0.022243471016029,0.98
"148",150,2,9000,0,-0.00786553244169602,0.029737278442659,0.94
"149",151,2,9060,0,0.00552692047376779,0.0224060527176927,0.97
"150",152,2,9120,0,-0.0265985278176417,0.0284302440467293,0.96
"151",153,2,9180,0,-0.0141217197137452,0.023650575005569,0.95
"152",154,2,9240,0,-0.000835850600701127,0.0299169041198778,0.93
"153",155,2,9300,0,-0.0192701457739636,0.0169480082426158,0.98
"154",156,2,9360,0,0.0166905068308306,0.0189001170473239,0.97
"155",157,2,9420,0,0.012862056039221,0.0275607290579983,0.96
"156",158,2,9480,0,0.0054169456827321,0.0191173402077757,0.98
"157",159,2,9540,0,-0.0139800889589007,0.0333576957917795,0.9
"158",160,2,9600,0,-0.0114240805093578,0.0180596173384034,0.97
"159",161,2,9660,0,0.00388115583481174,0.022313591901403,0.96
"160",162,2,9720,0,0.0215482529312108,0.0339559700354798,0.9
"161",163,2,9780,0,-0.0131403423353046,0.0278778003469579,0.93
"162",164,2,9840,0,0.00259537442329261,0.0227911342438701,0.96
"163",165,2,9900,0,0.0122061571699913,0.0219765247300163,0.96
"164",166,2,9960,0,0.00787385231756244,0.0243848126333884,0.92
"165",167,1,8350,0,-0.009949784611757,0.0334044545290381,0.94
"166",168,1,8400,0,0.00689753767822177,0.0382046735282031,0.93
"167",169,1,8450,0,-0.0204242391339555,0.0511447474015515,0.91
"168",170,1,8500,0,0.018993479957707,0.030334985445714,0.97
"169",171,1,8550,0,-0.0203840777287236,0.0340097769949318,0.95
"170",172,1,8600,0,0.00586379827048278,0.0373727905188478,0.93
"171",173,1,8650,0,0.00447808867773503,0.0371601633223913,0.95
"172",174,1,8700,0,0.0244513133463548,0.035669342360196,0.94
"173",175,1,8750,0,-0.0246316262150797,0.0320111514604025,0.97
"174",176,1,8800,0,0.0194091627815481,0.0380296437238419,0.93
"175",177,1,8850,0,-0.00187474809701355,0.0455955055527236,0.89
"176",178,1,8900,0,-0.00377409803432721,0.0345568980273531,0.91
"177",179,1,8950,0,-0.00571359366111063,0.0340173759059939,0.95
"178",180,1,9000,0,-0.0249802995951099,0.0382204363790033,0.9
"179",181,1,9050,0,0.0270427743275826,0.0301673843877042,0.96
"180",182,1,9100,0,0.0021605127717923,0.0338492768247545,0.95
"181",183,1,9150,0,0.0319748550117741,0.039659357085685,0.97
"182",184,1,9200,0,-0.00028302613643505,0.030714163964489,0.93
"183",185,1,9250,0,0.0395519626836228,0.0357038725209324,0.97
"184",186,1,9300,0,-0.00562556483635546,0.0344384115910314,0.95
"185",187,1,9350,0,0.0099958541141596,0.0333608548068463,0.93
"186",188,1,9400,0,0.00282906676987282,0.0365291238029534,0.93
"187",189,1,9450,0,0.00891187962657869,0.0312165482566578,0.96
"188",190,1,9500,0,-0.0276029730560942,0.0304899210991972,0.94
"189",191,1,9550,0,-0.0023820863242241,0.0349328013342502,0.93
"190",192,1,9600,0,0.0213805112354976,0.0277733258217724,0.94
"191",193,1,9650,0,-0.0225138492498085,0.0318270653430641,0.93
"192",194,1,9700,0,-0.0111627472182617,0.0334992312327964,0.93
"193",195,1,9750,0,0.0279537955135689,0.0309128509356702,0.96
"194",196,1,9800,0,-0.00425792753189785,0.0332441473825709,0.92
"195",197,1,9850,0,-0.00389984372219521,0.0362978145103736,0.93
"196",198,1,9900,0,0.0183851631059755,0.0364536284017307,0.93
"197",199,1,9950,0,-0.0141587130872616,0.0278480338159203,0.95
"198",200,1,10000,0,-0.00682147801836958,0.0291459389704177,0.97
"199",3,329,9990,0.5,0.0972654753705282,0.645652341731628,0.57
"200",4,246,10000,0.5,-0.0366985709006811,0.504809773131747,0.7
"201",5,196,10000,0.5,0.0267538164010823,0.513146177320984,0.72
"202",6,162,9960,0.5,0.113155637368726,0.373608325396004,0.81
"203",7,138,9940,0.5,0.0675341447988858,0.27431124719884,0.82
"204",8,121,10000,0.5,0.0206489410604213,0.34802447496759,0.84
"205",9,107,9990,0.5,-0.080130235149712,0.28507654290125,0.84
"206",10,96,10000,0.5,-0.00744587828918808,0.190271773594098,0.88
"207",11,86,9900,0.5,0.0247409008169459,0.180595669844305,0.95
"208",12,79,9960,0.5,-0.0558718398053692,0.186007774499455,0.93
"209",13,72,9880,0.5,0.0169639390431571,0.166675085575265,0.91
"210",14,67,9940,0.5,0.0794352032417198,0.179796036329566,0.86
"211",15,62,9900,0.5,0.0513767707662558,0.146543630489433,0.92
"212",16,58,9920,0.5,0.0523929483263996,0.131705678729706,0.9
"213",17,54,9860,0.5,0.0236264695946613,0.110233275981919,0.96
"214",18,51,9900,0.5,-0.0238749173632349,0.152696359189009,0.88
"215",19,48,9880,0.5,-0.0118871777827916,0.0975942275646849,0.94
"216",20,46,10000,0.5,-0.0277870430795007,0.126256477222253,0.88
"217",21,43,9870,0.5,-0.00676178740386912,0.0757330523648522,0.97
"218",22,41,9900,0.5,0.0365045668508919,0.12103673733943,0.92
"219",23,39,9890,0.5,0.0501483047964147,0.0907311053218229,0.94
"220",24,37,9840,0.5,-0.0311338531783535,0.084812369586816,0.93
"221",25,36,10000,0.5,0.0279449641021675,0.0825658229793539,0.95
"222",26,34,9880,0.5,0.00363470259066834,0.0804233054679207,0.94
"223",27,33,9990,0.5,-0.0256254077450684,0.0814386811496672,0.93
"224",28,31,9800,0.5,0.0443040619502154,0.0756384310198558,0.91
"225",29,30,9860,0.5,0.027840323805214,0.0818108369761865,0.96
"226",30,29,9900,0.5,0.00659243753162875,0.0701262659052929,0.94
"227",31,28,9920,0.5,-0.0331417759812547,0.0765480213876772,0.9
"228",32,27,9920,0.5,0.00405055644703667,0.0796305652563093,0.94
"229",33,26,9900,0.5,0.0309406331781361,0.0546815546698015,0.93
"230",34,25,9860,0.5,-0.00275013963470327,0.0576829976458038,0.93
"231",35,24,9800,0.5,-0.0585781185629861,0.066848595752388,0.95
"232",36,23,9720,0.5,0.0422334253540245,0.0610748988191772,0.96
"233",37,23,9990,0.5,-0.0519722656959236,0.0727297557453888,0.91
"234",38,22,9880,0.5,-0.0340322606712438,0.0521070172716241,0.95
"235",39,21,9750,0.5,0.0123558803707424,0.0521684171335821,0.95
"236",40,21,10000,0.5,0.0248936302320527,0.0538508364197033,0.95
"237",41,20,9840,0.5,0.0177486497245902,0.0648522697681592,0.91
"238",42,19,9660,0.5,0.00913143367542701,0.0524224623210931,0.94
"239",43,19,9890,0.5,-0.0239356987633996,0.0423773514922939,0.98
"240",44,18,9680,0.5,0.0209991294537315,0.0533458904977696,0.95
"241",45,18,9900,0.5,0.00675217279911744,0.045450702674049,0.93
"242",46,17,9660,0.5,-0.00108758265077585,0.0429020212097871,0.96
"243",47,17,9870,0.5,0.00847073590586589,0.0362334012453715,0.96
"244",48,16,9600,0.5,-0.01660328784208,0.0380890653714448,0.97
"245",49,16,9800,0.5,0.00438079571764016,0.0488502070286895,0.92
"246",50,16,10000,0.5,-0.00869327594238739,0.0381411011789524,0.95
"247",51,15,9690,0.5,-0.00779198519659874,0.0285772805878914,0.99
"248",52,15,9880,0.5,0.000847601414808219,0.0353462172265609,0.96
"249",53,14,9540,0.5,-0.00622498093765333,0.052306718119347,0.89
"250",54,14,9720,0.5,0.0196306691956472,0.0423470158580496,0.93
"251",55,14,9900,0.5,0.00311378733623557,0.0378000859960795,0.95
"252",56,13,9520,0.5,0.0209708994039416,0.0416184048545543,0.95
"253",57,13,9690,0.5,0.00889641313613554,0.0393994625107152,0.96
"254",58,13,9860,0.5,-0.0329544300186342,0.0360003503154392,0.95
"255",59,12,9440,0.5,0.0175247072175028,0.0427635040639361,0.92
"256",60,12,9600,0.5,0.0263715770127917,0.0410421994379854,0.94
"257",61,12,9760,0.5,-0.00575821314289005,0.0363649938624832,0.95
"258",62,12,9920,0.5,-0.00185122498477047,0.0361143767807399,0.93
"259",63,11,9450,0.5,0.0261040449695886,0.0389319091690436,0.93
"260",64,11,9600,0.5,0.017798150874868,0.0346300195713428,0.94
"261",65,11,9750,0.5,-0.00411954874705028,0.0346036105299498,0.96
"262",66,11,9900,0.5,-0.0219160487792293,0.027364699593088,0.95
"263",67,10,9380,0.5,0.0162664148012178,0.0400186056265627,0.94
"264",68,10,9520,0.5,-0.0142202222529597,0.0301183843880181,0.96
"265",69,10,9660,0.5,0.0123281338441225,0.0287390042142118,0.94
"266",70,10,9800,0.5,-0.00828442703540039,0.0269511371838456,0.97
"267",71,10,9940,0.5,-0.00848889473852488,0.0347081310422866,0.94
"268",72,9,9360,0.5,-0.0398682041738437,0.037725846322863,0.93
"269",73,9,9490,0.5,0.0107187076459232,0.0323792291746548,0.93
"270",74,9,9620,0.5,0.014504569916203,0.0275981433582532,0.97
"271",75,9,9750,0.5,0.0193719666496877,0.0336770783598511,0.95
"272",76,9,9880,0.5,0.00665316846892794,0.0376874764720858,0.92
"273",77,8,9240,0.5,-0.00488652343442142,0.0482548246278576,0.92
"274",78,8,9360,0.5,-0.0298305766950407,0.0253104281457004,0.95
"275",79,8,9480,0.5,0.0084838519962086,0.0376280981106192,0.91
"276",80,8,9600,0.5,-0.000673817493893281,0.0287657696278394,0.96
"277",81,8,9720,0.5,-0.00528692154695526,0.0281611721648385,0.96
"278",82,8,9840,0.5,0.000199912662540269,0.0280028341914355,0.97
"279",83,8,9960,0.5,0.0247715764558879,0.0288864041082357,0.97
"280",84,7,9240,0.5,-0.00813099932529482,0.032604377919034,0.93
"281",85,7,9350,0.5,-0.0269318481177337,0.029173535017981,0.98
"282",86,7,9460,0.5,0.0145990475336381,0.0299949234981188,0.94
"283",87,7,9570,0.5,-0.0073036551447847,0.0281390249955275,0.92
"284",88,7,9680,0.5,0.0222695071441578,0.0220247251932727,0.96
"285",89,7,9790,0.5,-0.00450062502724269,0.0329874648418792,0.95
"286",90,7,9900,0.5,0.0289545187952385,0.0250434440043723,0.97
"287",91,6,9100,0.5,0.0206840908718475,0.0284995348746142,0.96
"288",92,6,9200,0.5,0.0421188243747527,0.0364401232796587,0.91
"289",93,6,9300,0.5,-0.015878228553753,0.0220241054872945,0.97
"290",94,6,9400,0.5,-0.00541538862446145,0.0264542087453058,0.95
"291",95,6,9500,0.5,-0.018799778791394,0.0290767146161923,0.94
"292",96,6,9600,0.5,0.0237690911516442,0.0332345154188247,0.94
"293",97,6,9700,0.5,-0.0125636431679891,0.0219355330269404,0.99
"294",98,6,9800,0.5,0.0156809010482396,0.0342592755020998,0.94
"295",99,6,9900,0.5,-0.0237770474738829,0.0297704098683846,0.93
"296",100,6,10000,0.5,0.000797248139901896,0.0220554317567148,0.93
"297",101,5,9090,0.5,-0.0263196249570457,0.0289352538474608,0.93
"298",102,5,9180,0.5,-0.0050563852751257,0.0294595775902704,0.92
"299",103,5,9270,0.5,0.00556751987267579,0.0271558476532186,0.96
"300",104,5,9360,0.5,-0.0130868789845655,0.0225748944909992,0.98
"301",105,5,9450,0.5,-0.0185367860606652,0.026706240816711,0.97
"302",106,5,9540,0.5,-0.0174744344605398,0.0281855214702028,0.96
"303",107,5,9630,0.5,0.0174058787095757,0.0241385584154169,0.95
"304",108,5,9720,0.5,0.0130426221602497,0.02530063919217,0.97
"305",109,5,9810,0.5,0.000288126970135028,0.0251678957161955,0.95
"306",110,5,9900,0.5,-0.00221333942324253,0.0249086459862195,0.92
"307",111,5,9990,0.5,-0.00783273144672264,0.0217064476594105,0.99
"308",112,4,8960,0.5,-0.0158792273931946,0.0323970751478925,0.94
"309",113,4,9040,0.5,-0.00328976508447587,0.0255439910585026,0.98
"310",114,4,9120,0.5,-0.0217517749340079,0.024912275994077,0.95
"311",115,4,9200,0.5,-0.0211270711477408,0.0228174559078043,0.97
"312",116,4,9280,0.5,0.027084071593302,0.0283973954992526,0.92
"313",117,4,9360,0.5,-0.0109462450269069,0.0207674064146,0.99
"314",118,4,9440,0.5,0.00064843168672013,0.0212968557780867,0.97
"315",119,4,9520,0.5,0.000422170773344499,0.0204907005770938,0.98
"316",120,4,9600,0.5,-0.0331291180483482,0.0229593092310207,0.96
"317",121,4,9680,0.5,0.00946502218475231,0.0208660670869931,0.96
"318",122,4,9760,0.5,0.0123218607856314,0.0228345318231658,0.97
"319",123,4,9840,0.5,0.0170732679139015,0.0248788203709817,0.93
"320",124,4,9920,0.5,-0.00142201601935477,0.0227128025599061,0.95
"321",125,4,10000,0.5,-0.00259359909422052,0.0230698114358094,0.93
"322",126,3,8820,0.5,0.00484132153282812,0.0304225553597072,0.92
"323",127,3,8890,0.5,-0.0114428124673006,0.0289903769283806,0.92
"324",128,3,8960,0.5,-0.0218618356319178,0.0250556222097175,0.94
"325",129,3,9030,0.5,-0.0231727422011567,0.0237989568881911,0.95
"326",130,3,9100,0.5,-0.0227432901700946,0.0260582536208915,0.96
"327",131,3,9170,0.5,0.000690048616934336,0.0287943570758151,0.91
"328",132,3,9240,0.5,0.014036104162697,0.0217306952825101,0.93
"329",133,3,9310,0.5,-0.0122727715196912,0.0256144959103094,0.94
"330",134,3,9380,0.5,-0.0266901125448497,0.0220607290630787,0.96
"331",135,3,9450,0.5,0.00915451841511483,0.0272569843298822,0.92
"332",136,3,9520,0.5,-0.0139716758411494,0.025365511964218,0.96
"333",137,3,9590,0.5,0.0176321226480662,0.0203248232587912,0.97
"334",138,3,9660,0.5,-0.0280362518633676,0.0286231737005058,0.92
"335",139,3,9730,0.5,0.011886375334081,0.0200560582612964,0.97
"336",140,3,9800,0.5,-0.00930301074422968,0.023786512002715,0.94
"337",141,3,9870,0.5,-0.00131104998015963,0.0232160668988703,0.95
"338",142,3,9940,0.5,0.0283989854168158,0.0223180531631282,0.98
"339",143,2,8580,0.5,-0.0255770552118381,0.0274113051004271,0.97
"340",144,2,8640,0.5,0.00159857350512838,0.0266181894868491,0.94
"341",145,2,8700,0.5,-0.0119197051448883,0.0261074017734116,0.92
"342",146,2,8760,0.5,0.0118260353771381,0.0265817086982032,0.95
"343",147,2,8820,0.5,0.0111049482371915,0.0318281237537804,0.93
"344",148,2,8880,0.5,-0.0135476606547679,0.0302696716751172,0.94
"345",149,2,8940,0.5,0.00606304693160831,0.0212750612540186,0.98
"346",150,2,9000,0.5,-0.0118389375767983,0.0209235504688397,0.97
"347",151,2,9060,0.5,-0.0165123856302238,0.0288857456605614,0.94
"348",152,2,9120,0.5,0.0284498998745617,0.0312524044624123,0.91
"349",153,2,9180,0.5,-0.0152833336684027,0.0294397188213264,0.93
"350",154,2,9240,0.5,-0.00064591071718989,0.0267677318639929,0.95
"351",155,2,9300,0.5,-0.0363425116324806,0.0261134480465872,0.94
"352",156,2,9360,0.5,-0.00816768614895097,0.0235446165502743,0.96
"353",157,2,9420,0.5,0.00626476814420884,0.0260679888650109,0.94
"354",158,2,9480,0.5,-0.0015218242917418,0.021521970314968,0.96
"355",159,2,9540,0.5,-0.00122130956907879,0.0305762251296035,0.91
"356",160,2,9600,0.5,-0.015533379899825,0.0300516861196116,0.94
"357",161,2,9660,0.5,-0.00832788769993964,0.0220853872030473,0.97
"358",162,2,9720,0.5,-0.000433283380925964,0.0209756228007162,0.99
"359",163,2,9780,0.5,0.00219697279555597,0.0203093142731275,1
"360",164,2,9840,0.5,0.00864470554637264,0.0236301868094224,0.97
"361",165,2,9900,0.5,-0.0167405175616737,0.0271939853764157,0.94
"362",166,2,9960,0.5,6.86114323787956e-05,0.0272171237298831,0.94
"363",167,1,8350,0.5,-0.00257000898123277,0.0344857058205655,0.95
"364",168,1,8400,0.5,-0.0215983554173426,0.030352425939195,0.97
"365",169,1,8450,0.5,0.022879292427249,0.0435125522737251,0.94
"366",170,1,8500,0.5,-0.0166747622708123,0.0347020606589266,0.94
"367",171,1,8550,0.5,0.0342734282268956,0.0386581695153629,0.92
"368",172,1,8600,0.5,-0.00310434757823563,0.0353970704181715,0.91
"369",173,1,8650,0.5,-0.00850131605715143,0.0341950495461943,0.94
"370",174,1,8700,0.5,0.0203765896775631,0.0344479391494215,0.96
"371",175,1,8750,0.5,0.00313517759599569,0.0293301214281563,0.96
"372",176,1,8800,0.5,-0.0123997889369524,0.0337239912560284,0.96
"373",177,1,8850,0.5,-0.0156116673372283,0.0264833801340276,0.97
"374",178,1,8900,0.5,-0.0225431437999469,0.0358743585793065,0.95
"375",179,1,8950,0.5,0.0160174810410922,0.0364429037907412,0.95
"376",180,1,9000,0.5,0.000199292953378172,0.0283753286137998,0.97
"377",181,1,9050,0.5,0.005302641820778,0.0380018175866424,0.89
"378",182,1,9100,0.5,0.0159719728314293,0.034068287079253,0.95
"379",183,1,9150,0.5,-0.0176272122261405,0.0312120304733479,0.96
"380",184,1,9200,0.5,-0.0270098642222635,0.0363905672628872,0.92
"381",185,1,9250,0.5,-0.0181282291379048,0.0398154480285109,0.93
"382",186,1,9300,0.5,-0.0099514407935114,0.0382005140555066,0.91
"383",187,1,9350,0.5,-0.0153973067120107,0.0390448896267664,0.9
"384",188,1,9400,0.5,-0.00288194222857086,0.0288679543474126,0.95
"385",189,1,9450,0.5,0.00808720506966709,0.039324757234007,0.9
"386",190,1,9500,0.5,-0.00703667725972779,0.0294069534696812,0.96
"387",191,1,9550,0.5,0.0111627817704905,0.0242615325145935,0.99
"388",192,1,9600,0.5,-0.023356196356136,0.0279403643713488,0.96
"389",193,1,9650,0.5,-0.00299098186487112,0.029681181648751,0.94
"390",194,1,9700,0.5,-0.00205315572815273,0.0323227632361045,0.95
"391",195,1,9750,0.5,-0.00378079247511565,0.0265789870729551,0.96
"392",196,1,9800,0.5,-0.00549857637293605,0.0383478447870581,0.93
"393",197,1,9850,0.5,-0.00374983950862673,0.0255277043778166,0.97
"394",198,1,9900,0.5,-0.0216206546874014,0.0314481093315008,0.93
"395",199,1,9950,0.5,0.00332055043300417,0.0268936715101021,0.95
"396",200,1,10000,0.5,-0.00566868588787173,0.0268521564522784,0.97
"397",3,329,9990,1,-0.0233485345210042,0.740880753001248,0.52
"398",4,246,10000,1,-0.0529523263628705,0.593124516593973,0.63
"399",5,196,10000,1,0.13003964674449,0.511946469611583,0.77
"400",6,162,9960,1,-0.0285464315377881,0.326007188515545,0.83
"401",7,138,9940,1,-0.0116200440101465,0.350840549323522,0.81
"402",8,121,10000,1,-0.00177255118434133,0.260643784611913,0.85
"403",9,107,9990,1,0.032861240203585,0.233752792338216,0.81
"404",10,96,10000,1,0.0322191020107191,0.216019922689996,0.9
"405",11,86,9900,1,0.0529209840945254,0.213375911935898,0.9
"406",12,79,9960,1,-0.0217768745263329,0.215457398397669,0.86
"407",13,72,9880,1,-0.130891144572538,0.201683853520738,0.87
"408",14,67,9940,1,0.0394629891213951,0.103215380262511,0.92
"409",15,62,9900,1,-0.0314877059785478,0.16896391216985,0.93
"410",16,58,9920,1,-0.0411332452378325,0.174225712205837,0.9
"411",17,54,9860,1,-0.0167333861203632,0.10296933630739,0.96
"412",18,51,9900,1,0.0252629676581356,0.120931952149709,0.92
"413",19,48,9880,1,0.0249906508914846,0.123233445652583,0.91
"414",20,46,10000,1,0.00263448109955744,0.121027603195492,0.91
"415",21,43,9870,1,0.0164611227586846,0.0906227476186247,0.94
"416",22,41,9900,1,0.0328125896066583,0.0991748656371319,0.9
"417",23,39,9890,1,0.0275210803058715,0.108665731651405,0.92
"418",24,37,9840,1,-0.00394743006848791,0.0978391323562961,0.92
"419",25,36,10000,1,0.0254597563815421,0.11644887558304,0.86
"420",26,34,9880,1,0.0255813406102109,0.112126926818693,0.9
"421",27,33,9990,1,0.024425656267107,0.0843335947205942,0.93
"422",28,31,9800,1,-0.0072402775827537,0.0716179143363533,0.96
"423",29,30,9860,1,-0.00313565679153838,0.0606454008811453,0.97
"424",30,29,9900,1,-0.0155783953138341,0.0548611486376515,1
"425",31,28,9920,1,0.00675286467052494,0.0573365135958285,0.96
"426",32,27,9920,1,0.0101661958860343,0.0678374302117174,0.92
"427",33,26,9900,1,-0.00212698553264229,0.0620755366531015,0.95
"428",34,25,9860,1,0.0115196233797715,0.0724117433460668,0.93
"429",35,24,9800,1,-0.0329057967834278,0.0863707882267301,0.89
"430",36,23,9720,1,-0.0171468048790054,0.0622127300038783,0.94
"431",37,23,9990,1,0.0467613852031507,0.059779412026986,0.95
"432",38,22,9880,1,-0.0568956789576012,0.0532200981517956,0.95
"433",39,21,9750,1,0.0232796197561037,0.0623767174966833,0.92
"434",40,21,10000,1,-0.0271095744637463,0.0568872019518714,0.93
"435",41,20,9840,1,-0.0331286685103704,0.0541774101857399,0.95
"436",42,19,9660,1,-0.0510936543892631,0.0438999222857278,0.98
"437",43,19,9890,1,0.00739348281649643,0.0552453134215047,0.92
"438",44,18,9680,1,-0.0449945583890569,0.0533517930487222,0.94
"439",45,18,9900,1,-0.00492223700368133,0.0448844661719827,0.93
"440",46,17,9660,1,0.00210338799387078,0.0459280605626097,0.93
"441",47,17,9870,1,-0.0141290217437764,0.0530909337890538,0.9
"442",48,16,9600,1,0.0087069457723733,0.0421136845487972,0.97
"443",49,16,9800,1,-0.0180894702332022,0.0567348582089123,0.9
"444",50,16,10000,1,-0.0112428404151819,0.0355140746869142,0.95
"445",51,15,9690,1,-0.0126986746208922,0.0500758532536617,0.94
"446",52,15,9880,1,0.00571862591420147,0.0450317510212455,0.96
"447",53,14,9540,1,-0.020466995087581,0.0423616116665079,0.93
"448",54,14,9720,1,0.00463791779700906,0.0489960527108561,0.93
"449",55,14,9900,1,0.0413248187276106,0.0382533560249896,0.95
"450",56,13,9520,1,-0.0257778004258423,0.0422279827924907,0.93
"451",57,13,9690,1,-0.0126189470424317,0.0409587777084512,0.94
"452",58,13,9860,1,-0.0144890433428687,0.0324343741252944,0.97
"453",59,12,9440,1,-0.00608926539119875,0.0379913070317619,0.96
"454",60,12,9600,1,-0.0111621389063821,0.0370788876217482,0.95
"455",61,12,9760,1,0.0105760058424549,0.0354263709625247,0.93
"456",62,12,9920,1,0.0119135110977741,0.0414448195562074,0.92
"457",63,11,9450,1,0.0291071349652597,0.0394959435858784,0.94
"458",64,11,9600,1,-0.00547600368646523,0.0420231810064828,0.92
"459",65,11,9750,1,0.0076562443582493,0.0335113620078178,0.96
"460",66,11,9900,1,0.0124297077288328,0.0311892359135632,0.98
"461",67,10,9380,1,-0.0246905247143921,0.0327162485851978,0.94
"462",68,10,9520,1,0.040011460004576,0.0335246960458225,0.96
"463",69,10,9660,1,-0.0225195968077663,0.0398666704336558,0.92
"464",70,10,9800,1,-0.053538502019995,0.0380608646404378,0.95
"465",71,10,9940,1,0.00673740121442923,0.0415547148040352,0.93
"466",72,9,9360,1,-0.0135079250810716,0.0255798617176301,0.96
"467",73,9,9490,1,0.0314889463776866,0.0223210100337666,0.97
"468",74,9,9620,1,0.0405964145979802,0.0301353625984241,0.98
"469",75,9,9750,1,-0.0247928559792046,0.0273673662109121,0.98
"470",76,9,9880,1,-0.016050446186056,0.0344277993866001,0.93
"471",77,8,9240,1,-0.000858241849624353,0.029452319369752,0.97
"472",78,8,9360,1,0.00498577003054246,0.0320519687384061,0.96
"473",79,8,9480,1,-0.00526852699237995,0.0297255461194105,0.95
"474",80,8,9600,1,0.00523043503260745,0.02753088081781,0.97
"475",81,8,9720,1,0.014521045608392,0.0283604364687506,0.94
"476",82,8,9840,1,-0.0148130248119533,0.0311556505973598,0.95
"477",83,8,9960,1,0.0214878970025458,0.0307270698894819,0.95
"478",84,7,9240,1,0.0315791970858531,0.0367848035816501,0.93
"479",85,7,9350,1,-0.00289099006894034,0.0311707245975262,0.92
"480",86,7,9460,1,0.00177218316217354,0.0437514794019635,0.87
"481",87,7,9570,1,4.83463850140531e-05,0.0318134300330451,0.95
"482",88,7,9680,1,-0.0380573056784953,0.0309350082509902,0.93
"483",89,7,9790,1,-0.00702173763004582,0.0314681073528505,0.94
"484",90,7,9900,1,0.0416869807426633,0.0308494332915708,0.92
"485",91,6,9100,1,0.000541083256643482,0.0338358538496164,0.92
"486",92,6,9200,1,0.0417711950484133,0.0228234061185695,0.96
"487",93,6,9300,1,-0.0265482080142021,0.0300497159890414,0.95
"488",94,6,9400,1,0.000780665279918602,0.0260052329539822,0.96
"489",95,6,9500,1,0.00254155401361045,0.0326399136818045,0.94
"490",96,6,9600,1,0.00788747104529908,0.0259201785883304,0.96
"491",97,6,9700,1,-0.0207634489795671,0.0251147515385753,0.94
"492",98,6,9800,1,0.00930090776234926,0.0355812887466542,0.89
"493",99,6,9900,1,0.0225395812935723,0.0300471765392074,0.95
"494",100,6,10000,1,-0.0158788855118689,0.0228773007461976,0.95
"495",101,5,9090,1,-0.00353687741770253,0.0271027646927107,0.95
"496",102,5,9180,1,-0.0110323561224319,0.0228204935829638,0.99
"497",103,5,9270,1,0.00745421156611059,0.0237087495129846,0.97
"498",104,5,9360,1,-0.0118920594153406,0.0257957975781716,0.95
"499",105,5,9450,1,0.00731045159411314,0.0303281198083239,0.93
"500",106,5,9540,1,0.00953519542276571,0.0288504887505522,0.94
"501",107,5,9630,1,0.00485742231823882,0.0277177544302897,0.93
"502",108,5,9720,1,-0.012047025657001,0.0258876186519273,0.95
"503",109,5,9810,1,-0.002536077572382,0.0222633771330578,0.96
"504",110,5,9900,1,-0.00560524690936903,0.0280100979128148,0.93
"505",111,5,9990,1,-0.0191324910699598,0.0285849745561286,0.92
"506",112,4,8960,1,0.0213304867210172,0.0350506478988667,0.93
"507",113,4,9040,1,0.00454665206734117,0.0263729316663951,0.93
"508",114,4,9120,1,-0.00280788044642316,0.0284610863228999,0.95
"509",115,4,9200,1,-0.00407780960231952,0.0353919631124089,0.9
"510",116,4,9280,1,0.000842564406416502,0.0268743949389806,0.93
"511",117,4,9360,1,0.00761369313632532,0.0242236194322773,0.94
"512",118,4,9440,1,-0.014557963392814,0.0221591698974782,0.97
"513",119,4,9520,1,-0.0375345093224816,0.0276175753984214,0.93
"514",120,4,9600,1,0.00607989494537331,0.0337422051251156,0.91
"515",121,4,9680,1,0.0161587121742812,0.0219843692413262,0.96
"516",122,4,9760,1,0.00817959960339765,0.0265563648323291,0.93
"517",123,4,9840,1,0.0183939935716418,0.0277631260065178,0.96
"518",124,4,9920,1,-0.000861468890186512,0.0209305459862067,0.96
"519",125,4,10000,1,0.000884034503138564,0.0186540548221506,0.97
"520",126,3,8820,1,-0.00105281139719438,0.034640723281022,0.93
"521",127,3,8890,1,0.00459658164350685,0.0266417258468197,0.97
"522",128,3,8960,1,-0.0373883379272154,0.0324481531573794,0.89
"523",129,3,9030,1,0.010407284794416,0.0199573180325355,0.99
"524",130,3,9100,1,-0.00873730693052716,0.0234737001542436,0.91
"525",131,3,9170,1,-0.0403376226857191,0.0310176346559042,0.92
"526",132,3,9240,1,-0.000453237872861723,0.0279193439877242,0.92
"527",133,3,9310,1,0.0106600734467129,0.028083787432744,0.94
"528",134,3,9380,1,0.0295377883350836,0.0192432004807359,0.99
"529",135,3,9450,1,0.0376687615509367,0.0220142284555023,0.94
"530",136,3,9520,1,0.0269033921608868,0.0248506235316311,0.97
"531",137,3,9590,1,-0.00719495935448972,0.0195137887652435,0.97
"532",138,3,9660,1,-0.0117270773855971,0.0293346693391161,0.92
"533",139,3,9730,1,0.0116528436788178,0.0225018952896221,0.96
"534",140,3,9800,1,-0.018938806220353,0.0285287113402998,0.92
"535",141,3,9870,1,-0.0144067182624009,0.0264858984166379,0.94
"536",142,3,9940,1,0.0082124218666757,0.0229849428450588,0.96
"537",143,2,8580,1,-0.0182398975880277,0.0317109583307936,0.95
"538",144,2,8640,1,0.0262409287265878,0.0262042509079599,0.96
"539",145,2,8700,1,-0.0123466596482045,0.025982852187737,0.97
"540",146,2,8760,1,0.00598254219975003,0.0298789065743712,0.94
"541",147,2,8820,1,0.0282672426341833,0.0282234777468356,0.96
"542",148,2,8880,1,0.0129282711930019,0.0228834236810826,0.94
"543",149,2,8940,1,-0.00572175681842418,0.0334228931687303,0.91
"544",150,2,9000,1,-0.0179928513468904,0.0255513592508638,0.99
"545",151,2,9060,1,-0.0187686184176452,0.024510006069124,0.97
"546",152,2,9120,1,0.0250619742895823,0.0252201229040678,0.97
"547",153,2,9180,1,-0.0102805186967521,0.0227426335359315,0.95
"548",154,2,9240,1,0.0045054437714509,0.0245051273386756,0.95
"549",155,2,9300,1,0.015066582415875,0.0297702395364602,0.92
"550",156,2,9360,1,0.00767537549260755,0.0244378534330676,0.96
"551",157,2,9420,1,-0.0418293855611974,0.027572289236992,0.95
"552",158,2,9480,1,0.0204912489193695,0.0231946057338559,0.96
"553",159,2,9540,1,-0.00427120312285356,0.0222185584228869,0.94
"554",160,2,9600,1,0.00969177164394852,0.0198164179168753,0.98
"555",161,2,9660,1,0.00102037852678649,0.0222634276590081,0.97
"556",162,2,9720,1,-0.0125194418762491,0.0211093347836385,0.97
"557",163,2,9780,1,-0.0237777983438674,0.023816788082953,0.91
"558",164,2,9840,1,-0.00776739556548872,0.0204623292313779,0.95
"559",165,2,9900,1,-0.00935208042576069,0.0207413246036406,0.97
"560",166,2,9960,1,0.0128925998281172,0.0216174148249527,0.98
"561",167,1,8350,1,-0.0192337742749671,0.0371893981218578,0.94
"562",168,1,8400,1,-0.00431972385925372,0.0375341317267908,0.94
"563",169,1,8450,1,0.0182982551233626,0.0458859280363259,0.93
"564",170,1,8500,1,0.0235699382427466,0.0401034245336801,0.96
"565",171,1,8550,1,0.00248657606548697,0.0444454713096184,0.88
"566",172,1,8600,1,0.00201262601987717,0.0323563804953211,0.96
"567",173,1,8650,1,-0.0337146186389748,0.03083189052006,0.96
"568",174,1,8700,1,-0.0161446122391711,0.0392718547007121,0.92
"569",175,1,8750,1,0.0140842367423631,0.0273760580158808,0.96
"570",176,1,8800,1,0.0183609552046798,0.0300561107153392,0.95
"571",177,1,8850,1,0.0181356776074628,0.0246090741007548,0.98
"572",178,1,8900,1,-0.00688945948499958,0.0340512470931124,0.94
"573",179,1,8950,1,0.000304136115927611,0.0342555316445817,0.97
"574",180,1,9000,1,0.0250288280814176,0.0328622697081449,0.97
"575",181,1,9050,1,-0.00142946542323047,0.040550372300578,0.91
"576",182,1,9100,1,-0.0109608268744809,0.0283548115477552,0.98
"577",183,1,9150,1,-0.021479564817393,0.0292015835489064,0.98
"578",184,1,9200,1,-0.0116269485346915,0.039095890292514,0.91
"579",185,1,9250,1,-0.00930173552927122,0.0299610814479304,0.96
"580",186,1,9300,1,-0.0161933436265417,0.0339879550211704,0.97
"581",187,1,9350,1,-0.00545266246083187,0.0314944531521733,0.96
"582",188,1,9400,1,-0.00422098779652536,0.0336079683607708,0.92
"583",189,1,9450,1,-0.0179405037654043,0.0344536235301519,0.94
"584",190,1,9500,1,0.015284334777469,0.0323448786021119,0.94
"585",191,1,9550,1,-0.0057742933168341,0.035118925377134,0.94
"586",192,1,9600,1,-0.0135010792807052,0.0251927660278277,0.97
"587",193,1,9650,1,0.00623138025238357,0.0267972495459459,0.96
"588",194,1,9700,1,-0.0176261265093401,0.0249766227558721,0.97
"589",195,1,9750,1,-0.0236311918948893,0.0268068593844067,0.96
"590",196,1,9800,1,0.0133057396944697,0.0278276020266032,0.98
"591",197,1,9850,1,-0.00998850417317637,0.0290109713853384,0.93
"592",198,1,9900,1,0.0105991174601692,0.0335118024844376,0.9
"593",199,1,9950,1,-0.0208012100908824,0.0241705525553665,0.97
"594",200,1,10000,1,-0.0247399621613713,0.0288128844983858,0.94
"595",3,329,9990,1.5,0.0883082167349978,0.903481155125037,0.46
"596",4,246,10000,1.5,-0.0143732601337369,0.646817584974401,0.63
"597",5,196,10000,1.5,0.0466196622916735,0.461224322577767,0.76
"598",6,162,9960,1.5,-0.0933111217992199,0.345548229390812,0.82
"599",7,138,9940,1.5,-0.035014021952422,0.324490791599571,0.82
"600",8,121,10000,1.5,-0.0133668702168531,0.293039391732263,0.87
"601",9,107,9990,1.5,-0.00090860563102918,0.226851260528599,0.86
"602",10,96,10000,1.5,0.0189742146247903,0.223699940869837,0.9
"603",11,86,9900,1.5,-0.00859459955513353,0.228268758913636,0.86
"604",12,79,9960,1.5,-0.0868722943938392,0.190838637275864,0.88
"605",13,72,9880,1.5,0.0400923224183789,0.179798558454719,0.9
"606",14,67,9940,1.5,-0.0718980707880171,0.158459119549694,0.92
"607",15,62,9900,1.5,-0.0111796791605026,0.191355609123307,0.89
"608",16,58,9920,1.5,-0.0274459285819456,0.0982307696558832,0.95
"609",17,54,9860,1.5,-0.0108381441702597,0.103775701300806,0.91
"610",18,51,9900,1.5,0.0230753852647425,0.135626219646674,0.93
"611",19,48,9880,1.5,-0.0217408483567217,0.103972999604342,0.94
"612",20,46,10000,1.5,-0.004734805824817,0.0905364938854595,0.95
"613",21,43,9870,1.5,0.0381650987357933,0.11220387700125,0.92
"614",22,41,9900,1.5,0.0436075577306894,0.100620685235591,0.93
"615",23,39,9890,1.5,0.00668298957468283,0.0953645063238299,0.95
"616",24,37,9840,1.5,0.0125555001982723,0.0708072424926829,0.96
"617",25,36,10000,1.5,-0.0138929610743463,0.115975670850897,0.9
"618",26,34,9880,1.5,-0.00374188235744205,0.0743766570752238,0.96
"619",27,33,9990,1.5,-0.0127844983253132,0.0665803348123374,0.96
"620",28,31,9800,1.5,0.00827758357225172,0.0734538201067912,0.93
"621",29,30,9860,1.5,-0.0577202829542684,0.0837135330301231,0.96
"622",30,29,9900,1.5,0.00243527855241454,0.083147529445589,0.91
"623",31,28,9920,1.5,-0.0335461157268633,0.0729186885293939,0.96
"624",32,27,9920,1.5,0.00574539600579282,0.0678286034905002,0.94
"625",33,26,9900,1.5,0.00175417972069636,0.0515639353493719,0.98
"626",34,25,9860,1.5,-0.00126212606851062,0.0507147950521876,0.95
"627",35,24,9800,1.5,-0.0158616867169449,0.060586444610687,0.95
"628",36,23,9720,1.5,-0.00114627645168225,0.0545438773130654,0.95
"629",37,23,9990,1.5,0.0362070689299602,0.0452324530555701,0.97
"630",38,22,9880,1.5,-0.0117710687563631,0.0666426130157998,0.93
"631",39,21,9750,1.5,0.0353385956463904,0.0693154922757527,0.92
"632",40,21,10000,1.5,0.0142047304561939,0.0589348928366737,0.96
"633",41,20,9840,1.5,0.0208674355116236,0.0576372983586953,0.94
"634",42,19,9660,1.5,0.0174413696554292,0.0572329353917707,0.97
"635",43,19,9890,1.5,-0.00927534949555131,0.0488059935371079,0.95
"636",44,18,9680,1.5,-0.0253833299916704,0.0539112060519784,0.92
"637",45,18,9900,1.5,0.00200367712444416,0.049157282851333,0.92
"638",46,17,9660,1.5,0.000928819247133728,0.0509840328539229,0.94
"639",47,17,9870,1.5,-0.0192681954063867,0.0441916947371511,0.94
"640",48,16,9600,1.5,-0.0149575513453425,0.0468125453054901,0.96
"641",49,16,9800,1.5,0.0412665691693422,0.0480275207205779,0.93
"642",50,16,10000,1.5,0.00515084957868406,0.0466069619823871,0.95
"643",51,15,9690,1.5,0.0340224185035812,0.0462157064280465,0.95
"644",52,15,9880,1.5,0.0178870623462518,0.0496201113169457,0.96
"645",53,14,9540,1.5,0.00671632074186734,0.036310804640982,0.96
"646",54,14,9720,1.5,-0.00972521772020002,0.0394195303502753,0.95
"647",55,14,9900,1.5,-0.0541772901304624,0.0442198274576863,0.92
"648",56,13,9520,1.5,-0.0347526248044988,0.0450642387912087,0.92
"649",57,13,9690,1.5,0.0172259876866949,0.0428991778684209,0.94
"650",58,13,9860,1.5,0.020636154071034,0.0459891566420725,0.93
"651",59,12,9440,1.5,0.0474841121053479,0.0418434714565345,0.92
"652",60,12,9600,1.5,-0.0145415121635016,0.0341092402068938,0.95
"653",61,12,9760,1.5,-0.0139051608848477,0.0399534194293611,0.96
"654",62,12,9920,1.5,0.00511144199676827,0.0292381237085137,0.98
"655",63,11,9450,1.5,0.0104371757227366,0.0475519454350971,0.92
"656",64,11,9600,1.5,0.00609546494982949,0.0248431900799027,0.99
"657",65,11,9750,1.5,-0.0135033866271034,0.0396983104874558,0.96
"658",66,11,9900,1.5,-0.0332431706101698,0.0383140352338457,0.93
"659",67,10,9380,1.5,-0.00635248290687623,0.03956248733004,0.94
"660",68,10,9520,1.5,-0.0087549116932682,0.0387593908902875,0.9
"661",69,10,9660,1.5,-0.00532726711873888,0.0398540143484527,0.96
"662",70,10,9800,1.5,0.00876893854013827,0.0378606235363636,0.94
"663",71,10,9940,1.5,-0.00719087210712183,0.0254250012547823,0.98
"664",72,9,9360,1.5,-0.0213140606948196,0.0252154713711401,0.96
"665",73,9,9490,1.5,-0.0222567950450326,0.0274989765722425,0.98
"666",74,9,9620,1.5,-0.00569267545809893,0.0318384623231462,0.95
"667",75,9,9750,1.5,0.00252613489367548,0.0324118333333212,0.97
"668",76,9,9880,1.5,-0.0107576608871305,0.0298246877714159,0.94
"669",77,8,9240,1.5,-0.00266929742921618,0.0365365779139067,0.96
"670",78,8,9360,1.5,0.0376593235739802,0.0305463495953755,0.97
"671",79,8,9480,1.5,0.00362431912458716,0.0432214361722348,0.92
"672",80,8,9600,1.5,0.0142912745886894,0.0353702784242819,0.94
"673",81,8,9720,1.5,0.0121646087300487,0.0289501514951749,0.96
"674",82,8,9840,1.5,0.0142534817059931,0.0286202400015331,0.94
"675",83,8,9960,1.5,0.0332335856329639,0.0328599969240905,0.96
"676",84,7,9240,1.5,-0.00599184296055971,0.0264498154444087,0.96
"677",85,7,9350,1.5,0.018681768966787,0.0296735882204264,0.94
"678",86,7,9460,1.5,-0.0155495907953008,0.0305967370566893,0.95
"679",87,7,9570,1.5,-0.0220167034165041,0.0283835033080656,0.95
"680",88,7,9680,1.5,-0.0346429548908885,0.030805181913861,0.98
"681",89,7,9790,1.5,0.00772505567229564,0.0338151872708386,0.92
"682",90,7,9900,1.5,0.0340671694228988,0.0292904083760184,0.91
"683",91,6,9100,1.5,-0.04142917415043,0.0359816482742472,0.9
"684",92,6,9200,1.5,-0.00793632666298483,0.025914108497204,0.95
"685",93,6,9300,1.5,0.00171596891266801,0.0264655707720125,0.96
"686",94,6,9400,1.5,-0.0163623419333094,0.0400590112115863,0.87
"687",95,6,9500,1.5,-0.00879034954549829,0.0232009765008039,0.97
"688",96,6,9600,1.5,-8.92420714811437e-05,0.0255252634664889,0.97
"689",97,6,9700,1.5,0.00455373980078411,0.0320075517330349,0.93
"690",98,6,9800,1.5,-0.00491608553548556,0.030127466317343,0.94
"691",99,6,9900,1.5,0.0209890179287359,0.0368621418097334,0.88
"692",100,6,10000,1.5,0.0355637488372211,0.0296236403080963,0.91
"693",101,5,9090,1.5,0.0207231124389959,0.023471284426705,0.96
"694",102,5,9180,1.5,-0.0121625376070284,0.0261880245426079,0.97
"695",103,5,9270,1.5,0.0192920211569561,0.0258359283648927,0.95
"696",104,5,9360,1.5,0.00529704010271537,0.0302276896263728,0.91
"697",105,5,9450,1.5,0.024157266856628,0.0288003413576615,0.95
"698",106,5,9540,1.5,0.0187234568981113,0.0292502733019474,0.95
"699",107,5,9630,1.5,0.0158555001806283,0.03186615120335,0.91
"700",108,5,9720,1.5,-0.00804583712131296,0.0272567597674235,0.94
"701",109,5,9810,1.5,-0.00231105702445278,0.0212122456426093,0.97
"702",110,5,9900,1.5,-0.0298547614304488,0.0268662954218527,0.97
"703",111,5,9990,1.5,0.0130832075306951,0.023506371659965,0.95
"704",112,4,8960,1.5,-0.00408652101226137,0.0226617322489615,0.96
"705",113,4,9040,1.5,0.00524630678345539,0.0272158982779844,0.97
"706",114,4,9120,1.5,-6.78773489716233e-05,0.0267619376764664,0.94
"707",115,4,9200,1.5,-0.0189067278619434,0.0281580099951382,0.94
"708",116,4,9280,1.5,-0.0489003503792283,0.0261925362148475,0.93
"709",117,4,9360,1.5,0.00833264908083664,0.0306608668108719,0.92
"710",118,4,9440,1.5,-0.0262769511753325,0.0227498836892982,0.97
"711",119,4,9520,1.5,0.0102623305928106,0.0273950071035006,0.94
"712",120,4,9600,1.5,0.000785724585786407,0.022192714422896,0.97
"713",121,4,9680,1.5,0.00315783537628445,0.0206326121244486,0.97
"714",122,4,9760,1.5,0.00215156515903159,0.0256464936126246,0.94
"715",123,4,9840,1.5,-0.0289030978629483,0.0265918165524278,0.96
"716",124,4,9920,1.5,-0.0183235280652667,0.0242160591721362,0.96
"717",125,4,10000,1.5,0.00373002309286918,0.0277679939833053,0.95
"718",126,3,8820,1.5,-0.00140575028042272,0.0224775536673214,0.96
"719",127,3,8890,1.5,-0.00204973472448311,0.0285921938682272,0.97
"720",128,3,8960,1.5,0.00238489126361885,0.028200161687659,0.95
"721",129,3,9030,1.5,-0.0169471800483702,0.030706574184952,0.94
"722",130,3,9100,1.5,0.0103948917145628,0.0257408294593578,0.98
"723",131,3,9170,1.5,0.00324802596582963,0.0289531691140744,0.92
"724",132,3,9240,1.5,0.0253470191512764,0.0219993307664654,0.96
"725",133,3,9310,1.5,0.00353061851674552,0.0277067673698545,0.93
"726",134,3,9380,1.5,0.00284107584052673,0.0294942910727727,0.93
"727",135,3,9450,1.5,0.0111717073106963,0.0304066989495747,0.92
"728",136,3,9520,1.5,-0.0156873521386493,0.026526877957958,0.95
"729",137,3,9590,1.5,-0.00436058649455462,0.0205782202156636,0.96
"730",138,3,9660,1.5,0.0105405346008378,0.0247711678751416,0.95
"731",139,3,9730,1.5,0.00932199377186504,0.0294190618200051,0.91
"732",140,3,9800,1.5,0.0155447161902467,0.0297369526631098,0.94
"733",141,3,9870,1.5,-0.00081319164331134,0.0232701041368725,0.94
"734",142,3,9940,1.5,-0.00712809386923002,0.0217549048995365,0.95
"735",143,2,8580,1.5,-0.0176908777467604,0.0202387363763028,0.98
"736",144,2,8640,1.5,-0.00056430925317752,0.0306094643146449,0.93
"737",145,2,8700,1.5,0.00169887617733244,0.0283125052487623,0.91
"738",146,2,8760,1.5,0.00637429431884107,0.0257683892288315,0.95
"739",147,2,8820,1.5,0.00864945388983418,0.0306813199999354,0.95
"740",148,2,8880,1.5,-0.00834395530829524,0.0308196586486834,0.93
"741",149,2,8940,1.5,0.000781498791755375,0.0259567771776961,0.95
"742",150,2,9000,1.5,0.0223636716549807,0.0256888152722824,0.97
"743",151,2,9060,1.5,0.0108316837978679,0.0222202446012283,0.97
"744",152,2,9120,1.5,0.0282819589543246,0.029712088969436,0.93
"745",153,2,9180,1.5,0.00893501295120447,0.028729496535023,0.94
"746",154,2,9240,1.5,0.0337711952911065,0.0241272403264647,0.96
"747",155,2,9300,1.5,-0.0101795857280614,0.0218653392834707,0.97
"748",156,2,9360,1.5,-0.00520568577636654,0.0225809531956962,0.95
"749",157,2,9420,1.5,-0.0123491208947815,0.0234923559822014,0.97
"750",158,2,9480,1.5,0.0161005746746883,0.0265560382127794,0.92
"751",159,2,9540,1.5,0.00856361279959672,0.0306815518461635,0.9
"752",160,2,9600,1.5,-0.000606855692073083,0.0326555395703687,0.92
"753",161,2,9660,1.5,-0.0187807239824576,0.0222421337484812,0.95
"754",162,2,9720,1.5,-0.00326294333748905,0.0217425085228689,0.96
"755",163,2,9780,1.5,-0.0355103355273334,0.0248187396437887,0.96
"756",164,2,9840,1.5,-0.0146419166819332,0.0208069026268277,0.96
"757",165,2,9900,1.5,0.00449990825012825,0.0266989761000031,0.96
"758",166,2,9960,1.5,-0.0117552330593564,0.0215257788442239,0.97
"759",167,1,8350,1.5,0.0197965821751496,0.0484682080079935,0.92
"760",168,1,8400,1.5,0.0242246632248133,0.0315189970563853,0.96
"761",169,1,8450,1.5,0.00960021904504704,0.0416701729546301,0.92
"762",170,1,8500,1.5,-0.0102159606712621,0.0306055780825092,0.95
"763",171,1,8550,1.5,0.0205026825002314,0.0330787675672964,0.94
"764",172,1,8600,1.5,-0.0151788466227881,0.0335602229888772,0.96
"765",173,1,8650,1.5,-0.036309346960626,0.0418622484512732,0.93
"766",174,1,8700,1.5,0.0132689949550407,0.0356428149984901,0.95
"767",175,1,8750,1.5,-0.0206149956893975,0.0408155411230132,0.93
"768",176,1,8800,1.5,3.95119498269869e-05,0.0360361309696939,0.93
"769",177,1,8850,1.5,-0.0221118377764484,0.028590855697989,0.95
"770",178,1,8900,1.5,0.00584266698633418,0.0415569654646798,0.95
"771",179,1,8950,1.5,-0.00925529710131967,0.0388068153933604,0.93
"772",180,1,9000,1.5,0.00379285462829471,0.0371572378302736,0.96
"773",181,1,9050,1.5,0.00110817108322447,0.0297378757979477,0.98
"774",182,1,9100,1.5,-0.00487820725974841,0.0326734136216454,0.94
"775",183,1,9150,1.5,0.00859026500570625,0.030343809462259,0.96
"776",184,1,9200,1.5,0.0252679682043142,0.0291739351633973,0.93
"777",185,1,9250,1.5,-0.025683435648947,0.0362635105990979,0.93
"778",186,1,9300,1.5,0.015179940766967,0.0331978924098805,0.94
"779",187,1,9350,1.5,0.00424630317387609,0.0361704813351308,0.92
"780",188,1,9400,1.5,0.01030637326261,0.0386921251959409,0.96
"781",189,1,9450,1.5,-0.0263156946090962,0.0315999931118727,0.93
"782",190,1,9500,1.5,-0.0337113689367704,0.0333621520972407,0.95
"783",191,1,9550,1.5,0.0068220014200675,0.0327925976000299,0.93
"784",192,1,9600,1.5,0.0121741932272431,0.0290555186521418,0.96
"785",193,1,9650,1.5,0.00454819589139466,0.0290641163691797,0.97
"786",194,1,9700,1.5,0.00206747490103731,0.0297392722040656,0.95
"787",195,1,9750,1.5,0.0069951728190164,0.0306737364198983,0.94
"788",196,1,9800,1.5,-0.0200721537886807,0.0308868742390296,0.97
"789",197,1,9850,1.5,-0.0121723748581823,0.0288110521208809,0.95
"790",198,1,9900,1.5,-0.0133005535121714,0.0328605736085276,0.94
"791",199,1,9950,1.5,-0.00876563433355282,0.027313134765136,0.94
"792",200,1,10000,1.5,-0.0235308058536802,0.0248347356595849,0.98
"793",3,329,9990,2,-0.0657018380524311,0.749146178396364,0.49
"794",4,246,10000,2,-0.0143935428924125,0.662886116622164,0.68
"795",5,196,10000,2,-0.0767168561727017,0.39312373374138,0.82
"796",6,162,9960,2,-0.0205376409780161,0.429525536484336,0.76
"797",7,138,9940,2,0.0891075743319826,0.251201747683388,0.85
"798",8,121,10000,2,0.032256112889505,0.316330397588595,0.78
"799",9,107,9990,2,0.0233732760433929,0.287854560272119,0.83
"800",10,96,10000,2,0.0191953340423072,0.179025611839336,0.91
"801",11,86,9900,2,-0.0284683455614798,0.163291354418602,0.91
"802",12,79,9960,2,0.00710582411370875,0.178499224139329,0.88
"803",13,72,9880,2,0.0107993530080516,0.196629867020661,0.8
"804",14,67,9940,2,0.0289181322991612,0.171264708010906,0.93
"805",15,62,9900,2,-0.055921046049804,0.180104578624904,0.89
"806",16,58,9920,2,0.0163330588247312,0.164899144893321,0.87
"807",17,54,9860,2,0.0569173453447867,0.10038713838345,0.94
"808",18,51,9900,2,-0.00229931082588075,0.131415799920035,0.89
"809",19,48,9880,2,-0.00440178261679797,0.114139186339514,0.97
"810",20,46,10000,2,-0.0728673667289327,0.113409642919742,0.9
"811",21,43,9870,2,0.0134053176366753,0.109285832180513,0.93
"812",22,41,9900,2,-0.0139214020918754,0.125531116387614,0.92
"813",23,39,9890,2,-0.0354171858713452,0.100620517074573,0.91
"814",24,37,9840,2,-0.000741328412622699,0.0931435860545608,0.94
"815",25,36,10000,2,0.0288973440483481,0.0928559977399333,0.93
"816",26,34,9880,2,-0.00251679282207434,0.0842275539718692,0.94
"817",27,33,9990,2,0.0104860542885585,0.102937659742849,0.88
"818",28,31,9800,2,0.000972729417049734,0.0708261110162307,0.95
"819",29,30,9860,2,0.00585595188386723,0.059198231643696,0.95
"820",30,29,9900,2,-0.0163499476943128,0.0787933387152862,0.88
"821",31,28,9920,2,0.0098119859871566,0.0783511397379298,0.94
"822",32,27,9920,2,-0.00731021308077023,0.0676779502767648,0.93
"823",33,26,9900,2,0.0362272945500703,0.0886516153525015,0.92
"824",34,25,9860,2,-0.0324778597108566,0.0788337474403518,0.88
"825",35,24,9800,2,0.00204657931119523,0.0581635353255495,0.98
"826",36,23,9720,2,-0.0171843935153329,0.04749884290171,0.97
"827",37,23,9990,2,-0.0324157950953224,0.0456434853206284,0.97
"828",38,22,9880,2,0.0217687647480767,0.0599696606694702,0.93
"829",39,21,9750,2,-0.000564156274164229,0.0621039256272419,0.92
"830",40,21,10000,2,-0.00732210237898057,0.0576815509958769,0.92
"831",41,20,9840,2,-0.0297646495705335,0.0532929751708949,0.97
"832",42,19,9660,2,0.0550424738913556,0.0612751503579956,0.88
"833",43,19,9890,2,0.0313661815019834,0.0494455867602668,0.95
"834",44,18,9680,2,0.00698143700495935,0.0440310379992298,0.97
"835",45,18,9900,2,0.0259573530934832,0.0584355104761792,0.94
"836",46,17,9660,2,-0.0219348663732027,0.0607398985721438,0.91
"837",47,17,9870,2,0.00110888077762072,0.0436356524361703,0.94
"838",48,16,9600,2,0.00301526340667446,0.0364518376240657,0.98
"839",49,16,9800,2,-0.0241899460052288,0.0399594150972969,0.97
"840",50,16,10000,2,0.0269512768910916,0.0511039828322352,0.93
"841",51,15,9690,2,0.0296497891165048,0.0516526833617669,0.88
"842",52,15,9880,2,-0.0251692445123478,0.04721273653271,0.94
"843",53,14,9540,2,-0.0164473925305095,0.0373607254038933,0.96
"844",54,14,9720,2,0.00646518345931002,0.0419210086685699,0.93
"845",55,14,9900,2,0.00767911878950867,0.0441254577565192,0.92
"846",56,13,9520,2,-0.0227561200473876,0.0437138048407409,0.92
"847",57,13,9690,2,-0.00721677019449146,0.038119400741002,0.94
"848",58,13,9860,2,-0.0222184354064059,0.0314509274619404,0.96
"849",59,12,9440,2,0.0117812484563665,0.0402923738454704,0.94
"850",60,12,9600,2,-0.0044878034758084,0.0353582686147935,0.97
"851",61,12,9760,2,-0.0303190020875469,0.0444893527953646,0.91
"852",62,12,9920,2,0.0184638899351957,0.0453679033251027,0.89
"853",63,11,9450,2,-0.00195577246349665,0.0382886674141568,0.95
"854",64,11,9600,2,-0.0276072020328744,0.042210649284246,0.93
"855",65,11,9750,2,-0.0100298058772213,0.0432662735890888,0.94
"856",66,11,9900,2,0.00650051633996407,0.0473153714399179,0.89
"857",67,10,9380,2,-0.010609920025785,0.0257600432281861,0.98
"858",68,10,9520,2,-0.0192819604148765,0.0406874491107181,0.94
"859",69,10,9660,2,-0.00845053820508951,0.0363655209577725,0.93
"860",70,10,9800,2,-0.0246464610387906,0.0357314631355898,0.95
"861",71,10,9940,2,0.000942605569541843,0.0372579493259943,0.94
"862",72,9,9360,2,0.0150544252827866,0.0321725600901416,0.93
"863",73,9,9490,2,-0.0265505128595239,0.0396012440628215,0.94
"864",74,9,9620,2,-0.0113290288532064,0.033122873448928,0.96
"865",75,9,9750,2,-0.000596314368558504,0.035026277182408,0.94
"866",76,9,9880,2,-0.00360579691101454,0.0257692921304295,0.97
"867",77,8,9240,2,0.000571923783690975,0.0355912419023161,0.96
"868",78,8,9360,2,0.00101586097637796,0.0306706011859354,0.93
"869",79,8,9480,2,0.0159727446879858,0.0303775758555047,0.96
"870",80,8,9600,2,0.00811578945210378,0.0290601451618794,0.96
"871",81,8,9720,2,0.0019900659443326,0.0249453183458014,0.96
"872",82,8,9840,2,0.0258531746021485,0.0264718146241502,0.97
"873",83,8,9960,2,-0.0198750872441439,0.0254171499868704,0.96
"874",84,7,9240,2,0.0364084706174693,0.041948550828652,0.91
"875",85,7,9350,2,0.0403892273403479,0.0258743232324715,0.94
"876",86,7,9460,2,-0.0188363433612692,0.0265905674608755,0.93
"877",87,7,9570,2,-0.0240073313593994,0.0306892989330841,0.93
"878",88,7,9680,2,0.00203565962826191,0.0276835775630107,0.93
"879",89,7,9790,2,0.00721770133966515,0.0327781782854369,0.96
"880",90,7,9900,2,-0.00849113486435804,0.0340988740528772,0.94
"881",91,6,9100,2,0.0288641274945496,0.0338237126075787,0.95
"882",92,6,9200,2,-0.00308102824458889,0.0373294498119379,0.9
"883",93,6,9300,2,0.00993444250708719,0.02376164471116,0.96
"884",94,6,9400,2,0.0301173117036357,0.0341205024444086,0.93
"885",95,6,9500,2,-0.0192597345931556,0.0386935877454454,0.91
"886",96,6,9600,2,0.00778189239566263,0.0329358756969574,0.92
"887",97,6,9700,2,-0.00324992179314376,0.0237229809571764,0.95
"888",98,6,9800,2,0.012957785869692,0.0307020701357781,0.92
"889",99,6,9900,2,-0.0257646583927091,0.0213246981990543,0.98
"890",100,6,10000,2,-0.0170639281910861,0.0286946478987439,0.94
"891",101,5,9090,2,0.00932400559836877,0.0364915604672319,0.94
"892",102,5,9180,2,0.0154641207288351,0.0269431721664416,0.97
"893",103,5,9270,2,-0.00716087061899001,0.0289947988932769,0.95
"894",104,5,9360,2,-0.00786049036570818,0.0275006741849443,0.94
"895",105,5,9450,2,0.00421780405772643,0.0282776276615167,0.95
"896",106,5,9540,2,-0.013690818739053,0.0309852976794466,0.9
"897",107,5,9630,2,-0.00391683172206808,0.0205199530267335,0.98
"898",108,5,9720,2,-0.0208959595516854,0.0257050784946348,0.95
"899",109,5,9810,2,0.00476053704828139,0.0228302059036864,0.94
"900",110,5,9900,2,0.000101988103227257,0.0273118331517768,0.96
"901",111,5,9990,2,0.00270574782026944,0.0287632014376523,0.93
"902",112,4,8960,2,-0.0140692195164318,0.0275473931812757,0.94
"903",113,4,9040,2,0.0249779975626749,0.0292102691098873,0.93
"904",114,4,9120,2,0.00947342777670401,0.0355504236595331,0.95
"905",115,4,9200,2,0.0242826008481827,0.0262366993770872,0.95
"906",116,4,9280,2,-0.00890688567344128,0.026816218365477,0.94
"907",117,4,9360,2,-0.00670739822719024,0.0223989287381329,0.96
"908",118,4,9440,2,0.0120782219014651,0.0232353638015293,0.98
"909",119,4,9520,2,0.0151485107137322,0.0233411398752493,0.94
"910",120,4,9600,2,-0.00151978741974995,0.02433674176913,0.93
"911",121,4,9680,2,-0.00706469864385323,0.020904760604866,0.98
"912",122,4,9760,2,-0.0180842047221652,0.0297405460654916,0.93
"913",123,4,9840,2,0.00169594295346487,0.0226093116529611,0.92
"914",124,4,9920,2,0.0367288847569105,0.0252985506155305,0.95
"915",125,4,10000,2,0.00162382442111331,0.0209630803970096,0.97
"916",126,3,8820,2,0.000170314335798394,0.030233059329274,0.95
"917",127,3,8890,2,-0.0227947861499742,0.0275796197673653,0.92
"918",128,3,8960,2,-0.00485891694834828,0.0262648139616545,0.96
"919",129,3,9030,2,0.00197006693799395,0.0275601105005265,0.92
"920",130,3,9100,2,-0.00419238719649406,0.0218511005159871,0.95
"921",131,3,9170,2,-0.00324325087420857,0.0205544221714785,0.98
"922",132,3,9240,2,-0.0297869921562816,0.0277282314783884,0.95
"923",133,3,9310,2,-0.0139183986130642,0.0246384758708076,0.92
"924",134,3,9380,2,-0.00859277147781151,0.0209587115919135,0.94
"925",135,3,9450,2,-0.0129441547271774,0.0290180023982534,0.93
"926",136,3,9520,2,-0.0189084327170966,0.0229699945615738,0.95
"927",137,3,9590,2,0.000976570858962189,0.0244525371517086,0.95
"928",138,3,9660,2,-0.00978699224120971,0.0276238821239567,0.92
"929",139,3,9730,2,0.00869050113850589,0.0246403161468799,0.92
"930",140,3,9800,2,8.86277020122339e-05,0.0200895235433969,0.97
"931",141,3,9870,2,0.00259015883133895,0.0222559257965878,0.96
"932",142,3,9940,2,-0.0108286029419766,0.0322827490677228,0.88
"933",143,2,8580,2,-0.0162893457956547,0.0259200663972027,0.97
"934",144,2,8640,2,0.0134488405506853,0.0391806733579776,0.88
"935",145,2,8700,2,0.00485069768924917,0.0298977610624085,0.95
"936",146,2,8760,2,-0.000464426158383491,0.0243654291310322,0.96
"937",147,2,8820,2,-0.00898730002017978,0.0203939641405828,0.99
"938",148,2,8880,2,-0.022335866187581,0.029498191628718,0.92
"939",149,2,8940,2,0.00746414194013367,0.0342657064001239,0.91
"940",150,2,9000,2,-0.0101146891437507,0.0279923398803102,0.94
"941",151,2,9060,2,0.0101731180789658,0.0185746568906091,0.98
"942",152,2,9120,2,0.00433101626478549,0.0218836730246522,0.97
"943",153,2,9180,2,0.000219192573647997,0.0239973498810377,0.97
"944",154,2,9240,2,-0.00828864819618153,0.0248313143030738,0.95
"945",155,2,9300,2,0.00379017138700888,0.0212294664853626,0.95
"946",156,2,9360,2,-0.00129305878022257,0.0281323888992993,0.92
"947",157,2,9420,2,-0.00951907099060151,0.0160262169924383,1
"948",158,2,9480,2,-0.0175731209501072,0.0286742903209228,0.93
"949",159,2,9540,2,0.0267649015843472,0.0266373245770024,0.93
"950",160,2,9600,2,-0.00628980920111499,0.0246424203956927,0.92
"951",161,2,9660,2,-0.0182486944999788,0.0192633664562771,0.98
"952",162,2,9720,2,0.0231050755026903,0.0233695510434945,0.95
"953",163,2,9780,2,0.0201108746814481,0.0250155782451811,0.95
"954",164,2,9840,2,-0.0144537595821168,0.0252703258595335,0.94
"955",165,2,9900,2,-0.00782006279113512,0.0247814005644174,0.97
"956",166,2,9960,2,0.0137539378172948,0.0235609388540433,0.94
"957",167,1,8350,2,-0.00334361027485708,0.0359590763973968,0.94
"958",168,1,8400,2,-0.0153944425616194,0.0323375797089224,0.97
"959",169,1,8450,2,3.20096780176415e-05,0.0315288349847797,0.94
"960",170,1,8500,2,-0.00274124510643697,0.0394255406768513,0.93
"961",171,1,8550,2,-0.00739608505894845,0.0297316766318022,0.98
"962",172,1,8600,2,-0.00750622286988267,0.0326301313962024,0.97
"963",173,1,8650,2,-0.0256419224520865,0.0432986354319169,0.95
"964",174,1,8700,2,0.0300131784901811,0.0347533062418521,0.94
"965",175,1,8750,2,0.0342208885763919,0.0316290560685079,0.97
"966",176,1,8800,2,-0.0352177647012574,0.0382154453422307,0.95
"967",177,1,8850,2,-0.0371147741015744,0.0327964090315858,0.95
"968",178,1,8900,2,-0.0135536740702955,0.032382292195882,0.96
"969",179,1,8950,2,-0.0233696066912029,0.0300327172515658,0.93
"970",180,1,9000,2,0.0228282390969389,0.0333342000764278,0.95
"971",181,1,9050,2,-0.00889099556515255,0.0333106141693899,0.92
"972",182,1,9100,2,-0.0100385678460227,0.0316216086075151,0.96
"973",183,1,9150,2,-0.0142569230261143,0.038804660659259,0.96
"974",184,1,9200,2,-0.00256689884474942,0.035633873111012,0.94
"975",185,1,9250,2,-0.0226768914056597,0.0262586175409925,0.95
"976",186,1,9300,2,0.0212548948077205,0.031513210857714,0.97
"977",187,1,9350,2,0.0155864284791307,0.0307693386816429,0.93
"978",188,1,9400,2,0.0284598563927373,0.0367504384574673,0.93
"979",189,1,9450,2,-0.000395179009442859,0.0417137989924172,0.92
"980",190,1,9500,2,0.0258901442624684,0.0404165924638042,0.89
"981",191,1,9550,2,0.0128056104002923,0.0326137519704243,0.93
"982",192,1,9600,2,-0.0025355509850124,0.0302319603822649,0.95
"983",193,1,9650,2,0.0333545569944315,0.0267149106104119,0.97
"984",194,1,9700,2,0.0112131778662435,0.0377334643040075,0.92
"985",195,1,9750,2,0.0114108443723379,0.0315803799517348,0.95
"986",196,1,9800,2,-0.0251922247843835,0.0342901470069416,0.93
"987",197,1,9850,2,0.00230193900736586,0.0272899608789833,0.92
"988",198,1,9900,2,0.010464958111385,0.0247758978598316,0.95
"989",199,1,9950,2,-0.0154197550787357,0.0236337310997202,0.97
"990",200,1,10000,2,0.0102474922181783,0.0210249472449458,0.99
"991",3,329,9990,2.5,0.145132524386465,0.617948057699643,0.48
"992",4,246,10000,2.5,0.0582503628625215,0.623788227953599,0.72
"993",5,196,10000,2.5,0.060940094479125,0.533018498210851,0.74
"994",6,162,9960,2.5,-0.0155765376972627,0.375400159964334,0.79
"995",7,138,9940,2.5,0.0675589975969539,0.344485090974937,0.82
"996",8,121,10000,2.5,0.0374708502237854,0.257561849750755,0.87
"997",9,107,9990,2.5,-0.00032477340930398,0.215603018249317,0.89
"998",10,96,10000,2.5,0.0390433051268873,0.181032135526115,0.91
"999",11,86,9900,2.5,-0.00327022269984434,0.232348415642688,0.86
"1000",12,79,9960,2.5,-0.0726551042501551,0.23973452789898,0.87
"1001",13,72,9880,2.5,-0.0213518905893149,0.144707581629317,0.9
"1002",14,67,9940,2.5,0.0271208233080534,0.13886635032842,0.93
"1003",15,62,9900,2.5,0.0157516176753318,0.214204464880879,0.83
"1004",16,58,9920,2.5,0.045904081819789,0.11902161719503,0.9
"1005",17,54,9860,2.5,0.00126802874639043,0.131939890818472,0.98
"1006",18,51,9900,2.5,-0.0222540419384629,0.115620237058237,0.93
"1007",19,48,9880,2.5,-0.022735743929907,0.093656288800279,0.92
"1008",20,46,10000,2.5,0.00188991588722953,0.114467672704314,0.92
"1009",21,43,9870,2.5,-0.0515426671237392,0.111919406364104,0.89
"1010",22,41,9900,2.5,-0.0153796689426033,0.124022249614561,0.88
"1011",23,39,9890,2.5,-0.0123770507993723,0.0779503553538512,0.97
"1012",24,37,9840,2.5,0.0123645601064847,0.103154093323773,0.93
"1013",25,36,10000,2.5,0.00575135726154219,0.0801731869955785,0.95
"1014",26,34,9880,2.5,-0.0172590903964193,0.0857707270420885,0.94
"1015",27,33,9990,2.5,-0.0483983016408368,0.0711570742626207,0.96
"1016",28,31,9800,2.5,-0.0269618464864564,0.0633420251253172,0.96
"1017",29,30,9860,2.5,0.0439731875304714,0.086906569471449,0.94
"1018",30,29,9900,2.5,0.0393913473427583,0.0711159797882224,0.94
"1019",31,28,9920,2.5,-0.0324878049213776,0.0723342824473459,0.93
"1020",32,27,9920,2.5,0.00184098534649113,0.0726447593519789,0.93
"1021",33,26,9900,2.5,-0.0270678757268823,0.0797843251103811,0.88
"1022",34,25,9860,2.5,-0.0119821479538758,0.0689955452666242,0.93
"1023",35,24,9800,2.5,-0.0416042430642913,0.0576823992838698,0.94
"1024",36,23,9720,2.5,0.0168641921310874,0.0544489183336806,0.97
"1025",37,23,9990,2.5,0.0191124128508041,0.0596327971359791,0.92
"1026",38,22,9880,2.5,0.0325392103157616,0.0630865136195243,0.92
"1027",39,21,9750,2.5,-0.00658518182078205,0.0465902159737807,0.95
"1028",40,21,10000,2.5,-0.00779857909259513,0.0665764973622,0.92
"1029",41,20,9840,2.5,0.00476269184358891,0.0480612065875881,0.94
"1030",42,19,9660,2.5,0.00777527283542023,0.0468597344150388,0.97
"1031",43,19,9890,2.5,0.00572689400803472,0.0624772793222355,0.9
"1032",44,18,9680,2.5,-0.0198547317912041,0.0395133846453604,0.97
"1033",45,18,9900,2.5,-0.000383821866086043,0.0489701289265501,0.96
"1034",46,17,9660,2.5,0.0397993187433853,0.0479917564293722,0.94
"1035",47,17,9870,2.5,-0.0451111387955091,0.0424832454107742,0.94
"1036",48,16,9600,2.5,-0.0319407040019415,0.0409830546982158,0.95
"1037",49,16,9800,2.5,-0.00858940334387476,0.0467596197650881,0.92
"1038",50,16,10000,2.5,-0.0352014905115642,0.0529257404270162,0.89
"1039",51,15,9690,2.5,-0.0221116565810909,0.0491575821520573,0.95
"1040",52,15,9880,2.5,0.0382208946945113,0.0438351485661087,0.93
"1041",53,14,9540,2.5,0.0322177333277825,0.0316639190299985,0.98
"1042",54,14,9720,2.5,0.0144368674113434,0.0371707011437551,0.96
"1043",55,14,9900,2.5,0.00105660198368862,0.0562233036082722,0.87
"1044",56,13,9520,2.5,-0.0210907251938924,0.0428339943008836,0.96
"1045",57,13,9690,2.5,-0.00874838107354781,0.0502706528257523,0.94
"1046",58,13,9860,2.5,-0.0126222196400729,0.0401233024815111,0.95
"1047",59,12,9440,2.5,-0.0123928373192703,0.0393044967905513,0.94
"1048",60,12,9600,2.5,-0.0223055280314285,0.0445649635594793,0.92
"1049",61,12,9760,2.5,0.0392260185664343,0.0319223991305298,0.97
"1050",62,12,9920,2.5,-0.00528968411629871,0.0330457640353521,0.98
"1051",63,11,9450,2.5,0.0228942847874021,0.0340448916705131,0.98
"1052",64,11,9600,2.5,0.0120275113098042,0.0302098722049229,0.95
"1053",65,11,9750,2.5,-0.0319275961692138,0.0405503989653057,0.91
"1054",66,11,9900,2.5,-0.0042112238416776,0.02941873462788,0.97
"1055",67,10,9380,2.5,0.00756737081730818,0.0368577322457778,0.92
"1056",68,10,9520,2.5,0.00856381843351439,0.040707862846131,0.94
"1057",69,10,9660,2.5,-0.00224312205753135,0.0385524270737953,0.92
"1058",70,10,9800,2.5,-0.0129676146762159,0.0362676770382007,0.93
"1059",71,10,9940,2.5,0.0341138513826369,0.0440755320634188,0.92
"1060",72,9,9360,2.5,-0.00631374269911489,0.0338745205842527,0.94
"1061",73,9,9490,2.5,-0.00386101414536316,0.038533531442063,0.9
"1062",74,9,9620,2.5,-0.0358702614088549,0.0394815951979161,0.91
"1063",75,9,9750,2.5,-0.0174061338587246,0.0237495639256467,0.98
"1064",76,9,9880,2.5,0.00298816111875988,0.0370550065773636,0.96
"1065",77,8,9240,2.5,-0.0165512890927362,0.0273768520733197,0.97
"1066",78,8,9360,2.5,0.00502340015263381,0.0296729510281277,0.94
"1067",79,8,9480,2.5,-0.0333484300351268,0.0345029021411227,0.95
"1068",80,8,9600,2.5,0.0342832746389701,0.0243609538203615,0.98
"1069",81,8,9720,2.5,0.00453122044807763,0.0346825990839658,0.93
"1070",82,8,9840,2.5,-0.006105958044683,0.0337647787758682,0.93
"1071",83,8,9960,2.5,9.80236657296407e-05,0.0315996653026248,0.96
"1072",84,7,9240,2.5,-0.0233826032115306,0.0267140839634834,0.97
"1073",85,7,9350,2.5,0.0218516494971197,0.0365921449517711,0.9
"1074",86,7,9460,2.5,-0.000874627701533903,0.034937810296041,0.93
"1075",87,7,9570,2.5,0.0346215720032047,0.0307726397998363,0.93
"1076",88,7,9680,2.5,0.0189076660868925,0.0369023065952451,0.91
"1077",89,7,9790,2.5,0.0130623853406397,0.0317764343536464,0.94
"1078",90,7,9900,2.5,0.0111150954554582,0.0258174576433541,0.93
"1079",91,6,9100,2.5,-0.0053161708523991,0.0345109042928904,0.93
"1080",92,6,9200,2.5,-0.00363418283557454,0.0294551360331126,0.95
"1081",93,6,9300,2.5,-0.019506592268541,0.0285330164953961,0.94
"1082",94,6,9400,2.5,-0.0103893146637475,0.0289699982389122,0.94
"1083",95,6,9500,2.5,0.0356434062569804,0.0337353897974277,0.93
"1084",96,6,9600,2.5,-0.00330407789436543,0.0331279449893431,0.9
"1085",97,6,9700,2.5,-0.0315849430225101,0.0275164487241439,0.97
"1086",98,6,9800,2.5,0.00740666989470995,0.0284049224708873,0.94
"1087",99,6,9900,2.5,0.0359926169534421,0.0262821144228784,0.96
"1088",100,6,10000,2.5,0.0232616816920862,0.025275848951343,0.97
"1089",101,5,9090,2.5,-0.0147314795321032,0.0282438559317008,0.95
"1090",102,5,9180,2.5,0.00950559952634233,0.0210720759822678,0.99
"1091",103,5,9270,2.5,0.0109209468996805,0.0238187596881318,0.97
"1092",104,5,9360,2.5,-0.0194818178079039,0.0265922077311874,0.95
"1093",105,5,9450,2.5,-0.000270124176879827,0.0301489946099657,0.9
"1094",106,5,9540,2.5,-0.021494901369095,0.0315761607415517,0.96
"1095",107,5,9630,2.5,-0.0446614052744276,0.024076956884543,0.95
"1096",108,5,9720,2.5,0.0247446227658423,0.0294300662380844,0.94
"1097",109,5,9810,2.5,0.00224332801721217,0.0223591391636758,0.94
"1098",110,5,9900,2.5,0.0064662322592004,0.0325890296311893,0.89
"1099",111,5,9990,2.5,-0.0154355139916748,0.0247537006718562,0.94
"1100",112,4,8960,2.5,0.00567445290667223,0.0314159359902902,0.91
"1101",113,4,9040,2.5,-0.0096914337353215,0.0271904033160804,0.93
"1102",114,4,9120,2.5,-0.00608614951264796,0.0226980616293568,0.98
"1103",115,4,9200,2.5,0.00761799141311803,0.0333355776092797,0.92
"1104",116,4,9280,2.5,-0.0348916360135768,0.0300161844931721,0.92
"1105",117,4,9360,2.5,0.00640288668359257,0.0236224535174628,0.96
"1106",118,4,9440,2.5,0.0151838265912571,0.0197990139784774,0.98
"1107",119,4,9520,2.5,-0.000686804659904672,0.0224750163026805,0.97
"1108",120,4,9600,2.5,-0.010674637808321,0.0191043508194073,0.97
"1109",121,4,9680,2.5,0.011753413370772,0.0261397767050385,0.92
"1110",122,4,9760,2.5,0.0178897359563691,0.0247889832166332,0.96
"1111",123,4,9840,2.5,0.0131141957753107,0.0229969063822576,0.96
"1112",124,4,9920,2.5,0.010805346329902,0.0204638177048208,0.97
"1113",125,4,10000,2.5,0.0309190283557431,0.0229863850745162,0.97
"1114",126,3,8820,2.5,0.00325887231649369,0.0270451370210018,0.93
"1115",127,3,8890,2.5,-0.0142021433544063,0.0274222731132583,0.94
"1116",128,3,8960,2.5,-0.000850612044216437,0.0258302523715693,0.96
"1117",129,3,9030,2.5,0.00283575778776934,0.0214272115736455,0.95
"1118",130,3,9100,2.5,0.00166755516479278,0.0241618854269068,0.95
"1119",131,3,9170,2.5,-0.0011152841049476,0.0175751759632271,0.97
"1120",132,3,9240,2.5,-0.00568502293315842,0.0209195158496026,1
"1121",133,3,9310,2.5,-0.0059173078067094,0.0281226844732915,0.94
"1122",134,3,9380,2.5,0.0167941065424593,0.0228175073768477,0.95
"1123",135,3,9450,2.5,0.00297739203056624,0.0225816576455488,0.96
"1124",136,3,9520,2.5,-0.0112707986379345,0.0277239453536147,0.94
"1125",137,3,9590,2.5,0.00217791590332039,0.0210671809733684,0.97
"1126",138,3,9660,2.5,-0.0179540791411684,0.0228100363846591,0.93
"1127",139,3,9730,2.5,-0.0159505994163684,0.0213918901938387,0.97
"1128",140,3,9800,2.5,-0.00279251307881051,0.0191557960593688,0.96
"1129",141,3,9870,2.5,-0.0307350806700339,0.0273419034971684,0.95
"1130",142,3,9940,2.5,0.00341585164311986,0.0172281822334733,0.99
"1131",143,2,8580,2.5,0.0106554883142573,0.034350937812334,0.92
"1132",144,2,8640,2.5,0.00751124943713943,0.0298925646264246,0.94
"1133",145,2,8700,2.5,0.0156884199060273,0.0296029869880774,0.92
"1134",146,2,8760,2.5,-0.0285149392383814,0.0274553573785558,0.97
"1135",147,2,8820,2.5,-0.0312896252615515,0.0224750134088815,0.94
"1136",148,2,8880,2.5,-0.0229729009092428,0.0221115812432617,0.97
"1137",149,2,8940,2.5,0.00704686586824277,0.0240257426504687,0.95
"1138",150,2,9000,2.5,0.016767999285664,0.0309412715649416,0.94
"1139",151,2,9060,2.5,0.0221891906213428,0.0308533871149333,0.93
"1140",152,2,9120,2.5,0.00293740344786686,0.0315388306959802,0.94
"1141",153,2,9180,2.5,0.0346520219627455,0.0222639586112826,0.97
"1142",154,2,9240,2.5,-0.0180177621394749,0.0283251353970862,0.95
"1143",155,2,9300,2.5,0.0106057317228845,0.030933040691492,0.94
"1144",156,2,9360,2.5,0.0285795453854194,0.0285605888243098,0.93
"1145",157,2,9420,2.5,-0.00111262887511376,0.0207857806239456,0.97
"1146",158,2,9480,2.5,-0.0248622781167354,0.0285493606027832,0.93
"1147",159,2,9540,2.5,-0.0266983677802471,0.0194241745132682,0.98
"1148",160,2,9600,2.5,-0.00571975046180029,0.0285241755223547,0.95
"1149",161,2,9660,2.5,-0.0023633395215179,0.0256568448264671,0.95
"1150",162,2,9720,2.5,-0.00275338895778859,0.0231714683893507,0.94
"1151",163,2,9780,2.5,0.00301000482338709,0.0228854565916193,0.96
"1152",164,2,9840,2.5,-0.00565603157483513,0.0229382031532173,0.97
"1153",165,2,9900,2.5,0.000176448459211387,0.0280570610785612,0.94
"1154",166,2,9960,2.5,0.0129971942365754,0.0222228085151601,0.95
"1155",167,1,8350,2.5,0.0104231278831377,0.0249658318055983,0.98
"1156",168,1,8400,2.5,-0.00966939521024185,0.0423685056540459,0.92
"1157",169,1,8450,2.5,-0.00926525732671069,0.0428309516919257,0.92
"1158",170,1,8500,2.5,-0.0410350417877811,0.0323822527381963,0.96
"1159",171,1,8550,2.5,-0.0383547336304357,0.0353187823512822,0.95
"1160",172,1,8600,2.5,-0.0125318393199385,0.0328584583877774,0.97
"1161",173,1,8650,2.5,-0.00545071548323239,0.0324597597200983,0.95
"1162",174,1,8700,2.5,-0.00654997093302995,0.0302926700795294,0.98
"1163",175,1,8750,2.5,-0.0354520622174099,0.0344031886911141,0.93
"1164",176,1,8800,2.5,-0.0203741874875865,0.0321228689617957,0.96
"1165",177,1,8850,2.5,-0.026119950821013,0.038309207983375,0.94
"1166",178,1,8900,2.5,-0.00623657359124219,0.0354130985818105,0.97
"1167",179,1,8950,2.5,-0.00845938828331932,0.0333390192642284,0.95
"1168",180,1,9000,2.5,0.0122687064319876,0.0298471251372179,0.97
"1169",181,1,9050,2.5,0.0154884573139679,0.0354008385786164,0.95
"1170",182,1,9100,2.5,0.0141498395042093,0.0280244754988903,0.97
"1171",183,1,9150,2.5,-0.0133063401266,0.0311733057045891,0.97
"1172",184,1,9200,2.5,0.0213918832034069,0.0314040634847179,0.96
"1173",185,1,9250,2.5,0.0158374459340495,0.041125723617733,0.92
"1174",186,1,9300,2.5,-0.00327639582182404,0.0210491777579743,0.99
"1175",187,1,9350,2.5,-0.0403551323700352,0.0394511093607376,0.92
"1176",188,1,9400,2.5,0.00385001417628739,0.0273794121800378,0.97
"1177",189,1,9450,2.5,-0.029934485879438,0.022310226187762,0.99
"1178",190,1,9500,2.5,-0.00241639970503033,0.0357934276359783,0.94
"1179",191,1,9550,2.5,0.0104834345881245,0.02910489520157,0.96
"1180",192,1,9600,2.5,-0.00316147330620076,0.0326245347596501,0.93
"1181",193,1,9650,2.5,-0.0127957390431292,0.0390624056310548,0.91
"1182",194,1,9700,2.5,-0.00144112547666153,0.0247792997542207,0.98
"1183",195,1,9750,2.5,-0.0220877120215092,0.0279520659027145,0.96
"1184",196,1,9800,2.5,-0.00420921489188664,0.0245303150453823,0.99
"1185",197,1,9850,2.5,-0.0153076251257808,0.0319141163595285,0.93
"1186",198,1,9900,2.5,-0.00719632109962587,0.0383155639696416,0.9
"1187",199,1,9950,2.5,-0.00700447559976647,0.0356000652002903,0.92
"1188",200,1,10000,2.5,-0.0145538267642075,0.0343877700410054,0.93
"1189",3,329,9990,3,0.152407975245792,0.938341864312548,0.4
"1190",4,246,10000,3,-0.0720965614872245,0.527823400308275,0.67
"1191",5,196,10000,3,-0.0793649218698685,0.458894472144103,0.76
"1192",6,162,9960,3,-0.0647389282046392,0.415373355810292,0.8
"1193",7,138,9940,3,0.0569278486408163,0.380364594941404,0.78
"1194",8,121,10000,3,-0.0615328870967029,0.263368983479163,0.86
"1195",9,107,9990,3,-0.00388875936507632,0.290869949815988,0.84
"1196",10,96,10000,3,-0.0355487797305418,0.188141977113662,0.93
"1197",11,86,9900,3,0.0190403434103841,0.210113341929266,0.9
"1198",12,79,9960,3,0.00404936061776584,0.161397812301361,0.88
"1199",13,72,9880,3,-0.00485273022479693,0.0962170777786703,0.95
"1200",14,67,9940,3,0.0214358526765186,0.185426228097143,0.92
"1201",15,62,9900,3,0.00243638199099905,0.145879256920624,0.92
"1202",16,58,9920,3,0.0578263646411888,0.122747125740776,0.96
"1203",17,54,9860,3,0.00285372964804831,0.0994146467851484,0.93
"1204",18,51,9900,3,0.0277711425836278,0.143236221928639,0.9
"1205",19,48,9880,3,-0.0621838799519306,0.0999847716668164,0.93
"1206",20,46,10000,3,-0.00070288969484722,0.108453351449029,0.92
"1207",21,43,9870,3,-0.0388515218175566,0.102658615457516,0.94
"1208",22,41,9900,3,0.01058064074216,0.120152083168504,0.88
"1209",23,39,9890,3,0.0343704387610833,0.093910528456731,0.93
"1210",24,37,9840,3,0.0318650095832385,0.0780162747573298,0.98
"1211",25,36,10000,3,-0.0190034133349062,0.086373214515994,0.93
"1212",26,34,9880,3,0.0819022184348573,0.0585841629883577,0.98
"1213",27,33,9990,3,0.00556907368335757,0.0681271724192937,0.95
"1214",28,31,9800,3,0.00664794075699693,0.0789032673010984,0.94
"1215",29,30,9860,3,-0.0125722280249563,0.0682085978852864,0.94
"1216",30,29,9900,3,-0.0663473557919694,0.0569249328272662,0.97
"1217",31,28,9920,3,-0.0198514602334828,0.0798941667203687,0.93
"1218",32,27,9920,3,0.0268036439753208,0.054266961161874,0.96
"1219",33,26,9900,3,-0.0106997374190324,0.0662995052201831,0.94
"1220",34,25,9860,3,0.0231611263684568,0.070821863700943,0.92
"1221",35,24,9800,3,-0.0343567259901616,0.0668835063388663,0.93
"1222",36,23,9720,3,0.0407187017026833,0.0699345811527463,0.88
"1223",37,23,9990,3,-0.0260196380249607,0.0543258408495559,0.95
"1224",38,22,9880,3,0.0179076801107901,0.0484759783511334,0.97
"1225",39,21,9750,3,-0.0110987205754701,0.0686654164570048,0.91
"1226",40,21,10000,3,0.0177666073572249,0.0622141118926636,0.89
"1227",41,20,9840,3,0.0276215908374887,0.0574377462830076,0.95
"1228",42,19,9660,3,-0.0156878375942228,0.0544465210095956,0.94
"1229",43,19,9890,3,-0.0567042584294766,0.061133325502169,0.93
"1230",44,18,9680,3,-0.0346916320970462,0.0595656502734956,0.93
"1231",45,18,9900,3,0.0312644833127766,0.0468962396278947,0.95
"1232",46,17,9660,3,-0.0193362133543323,0.058637407596134,0.91
"1233",47,17,9870,3,-0.0319783093643742,0.041728485041634,0.96
"1234",48,16,9600,3,-0.010435805455366,0.0431062698384286,0.96
"1235",49,16,9800,3,-0.00716136250860466,0.0439830808848662,0.93
"1236",50,16,10000,3,-0.0270157227080916,0.0425432739695855,0.92
"1237",51,15,9690,3,0.0240122960577897,0.0455660329113198,0.95
"1238",52,15,9880,3,0.0170191027721548,0.0389064537424481,0.94
"1239",53,14,9540,3,-0.0208502196611319,0.054363406821667,0.9
"1240",54,14,9720,3,-0.0188309590184493,0.0633941356316291,0.87
"1241",55,14,9900,3,-0.00569250772058033,0.0426340268205132,0.95
"1242",56,13,9520,3,-0.00499808286206199,0.0380754858360768,0.93
"1243",57,13,9690,3,0.0183132073051463,0.0548897171328458,0.92
"1244",58,13,9860,3,-0.0481972167225217,0.0390800542148675,0.92
"1245",59,12,9440,3,0.00227416436088035,0.0499825426714042,0.92
"1246",60,12,9600,3,0.022435688820679,0.0500646722688469,0.94
"1247",61,12,9760,3,0.0113411143807871,0.0426209893931087,0.94
"1248",62,12,9920,3,0.0242273353497174,0.0410373290219987,0.97
"1249",63,11,9450,3,0.0258908491665459,0.0317063987405171,0.96
"1250",64,11,9600,3,0.0342644607722614,0.0457340296839462,0.94
"1251",65,11,9750,3,-0.0059354831878452,0.0319197270132426,0.95
"1252",66,11,9900,3,-0.0173006161901459,0.0325510493723004,0.95
"1253",67,10,9380,3,-0.0307496931807164,0.0410633094742771,0.93
"1254",68,10,9520,3,0.0183143584037085,0.0320480171103878,0.98
"1255",69,10,9660,3,-0.00309731700634619,0.0392670037304676,0.94
"1256",70,10,9800,3,-0.00448600263284871,0.0396262403825897,0.94
"1257",71,10,9940,3,-0.0287039529047741,0.0329066133949947,0.96
"1258",72,9,9360,3,0.0023854853825358,0.0376921931338988,0.97
"1259",73,9,9490,3,-0.0149217169307392,0.0369989741908037,0.89
"1260",74,9,9620,3,0.00196685736094548,0.0368115455595056,0.93
"1261",75,9,9750,3,0.0156088639030122,0.0296596596777747,0.95
"1262",76,9,9880,3,0.0137038324104446,0.0320155804899554,0.95
"1263",77,8,9240,3,-0.00805363908811663,0.0339982547877684,0.94
"1264",78,8,9360,3,0.0324660648597183,0.0379480838442436,0.94
"1265",79,8,9480,3,-0.0150279023181095,0.0252480657336842,0.96
"1266",80,8,9600,3,-0.00381278654953959,0.0338543583062139,0.94
"1267",81,8,9720,3,0.00954925187418609,0.0346399314229603,0.95
"1268",82,8,9840,3,-0.0178902841694217,0.0307535136852012,0.95
"1269",83,8,9960,3,0.0192652009191122,0.0440953576601038,0.89
"1270",84,7,9240,3,0.0191792266015456,0.0282161747478189,0.97
"1271",85,7,9350,3,0.0087309335642014,0.04457443123258,0.89
"1272",86,7,9460,3,-0.00949684938565482,0.032788879684336,0.94
"1273",87,7,9570,3,0.00591449181641535,0.0290739358128381,0.97
"1274",88,7,9680,3,0.013499697739942,0.0263556216677119,0.96
"1275",89,7,9790,3,0.0118770301997974,0.0269766760881045,0.94
"1276",90,7,9900,3,-0.00546398828283723,0.0250431727695146,0.96
"1277",91,6,9100,3,-0.0223998786834341,0.0291765254646939,0.96
"1278",92,6,9200,3,0.00281105523338987,0.0369080845369735,0.91
"1279",93,6,9300,3,-0.00268502709610563,0.031789146415027,0.93
"1280",94,6,9400,3,0.0203614531156771,0.0347781207081133,0.91
"1281",95,6,9500,3,0.00690310394998661,0.0308264344199933,0.93
"1282",96,6,9600,3,0.0123824555288703,0.0294053760898127,0.94
"1283",97,6,9700,3,-0.00192311064284417,0.0261162712399582,0.92
"1284",98,6,9800,3,0.00749673475976298,0.0238504638033044,0.96
"1285",99,6,9900,3,0.00656058667426829,0.0251325429375047,0.95
"1286",100,6,10000,3,-0.0327588518098706,0.0311015215163041,0.95
"1287",101,5,9090,3,-0.0097548129265076,0.0306122260827912,0.95
"1288",102,5,9180,3,0.00880710678003527,0.0239778558752899,0.94
"1289",103,5,9270,3,-0.0150918285770238,0.0293417468390381,0.94
"1290",104,5,9360,3,-0.00582659204741026,0.0298663630065451,0.93
"1291",105,5,9450,3,0.0112800300404824,0.0221551619427478,0.97
"1292",106,5,9540,3,0.0191933897777145,0.0278024603681622,0.96
"1293",107,5,9630,3,0.00826053876152433,0.0245165750521169,0.96
"1294",108,5,9720,3,-0.0137266337034473,0.0240721631946384,0.95
"1295",109,5,9810,3,-0.0111076877167983,0.0271966196002236,0.95
"1296",110,5,9900,3,-0.00759326309276259,0.0218457004453149,0.97
"1297",111,5,9990,3,-0.0074626376915522,0.0256859082173158,0.93
"1298",112,4,8960,3,0.0174140049971612,0.0256629655882044,0.95
"1299",113,4,9040,3,-0.00335044421166442,0.0263822039993251,0.96
"1300",114,4,9120,3,0.0203720923609226,0.0263490711348546,0.93
"1301",115,4,9200,3,-0.0031971203282023,0.027993402816409,0.91
"1302",116,4,9280,3,-0.00448970907670687,0.0265134043908394,0.94
"1303",117,4,9360,3,-0.013597623048991,0.0217544916546182,0.98
"1304",118,4,9440,3,0.0172426968550979,0.0290702033700702,0.93
"1305",119,4,9520,3,0.00773806203936378,0.021206643499553,0.95
"1306",120,4,9600,3,-0.00758120525091566,0.0219096724829327,0.96
"1307",121,4,9680,3,-0.0152461424049081,0.0269059557323514,0.95
"1308",122,4,9760,3,-0.00539669448335767,0.030582103850043,0.93
"1309",123,4,9840,3,0.0344904475817065,0.0248818345151412,0.94
"1310",124,4,9920,3,-0.0115161741119159,0.0190465497402863,0.96
"1311",125,4,10000,3,0.0198798494747763,0.0282692745918158,0.95
"1312",126,3,8820,3,-0.00640536780659506,0.02498615173664,0.95
"1313",127,3,8890,3,-0.00794218763176069,0.0206181731730114,0.98
"1314",128,3,8960,3,0.00769083047062036,0.0287626364103091,0.92
"1315",129,3,9030,3,-0.00196781251243378,0.0229161935029174,0.97
"1316",130,3,9100,3,0.00442995470325547,0.0264756787176663,0.93
"1317",131,3,9170,3,-0.0124510656945302,0.0251588077160069,0.94
"1318",132,3,9240,3,-0.0122698417821648,0.0254102292260276,0.94
"1319",133,3,9310,3,0.0117670096335641,0.0221772557042742,0.94
"1320",134,3,9380,3,0.00971292266781576,0.0216700678856739,0.97
"1321",135,3,9450,3,-0.00964003382086198,0.0202620643388343,0.97
"1322",136,3,9520,3,-0.0329571893985948,0.0254261578461616,0.95
"1323",137,3,9590,3,0.0174425390386712,0.0209357592587886,0.94
"1324",138,3,9660,3,0.0183263572593947,0.0295181681825334,0.92
"1325",139,3,9730,3,-0.00894011011110524,0.0290855357848389,0.91
"1326",140,3,9800,3,-0.0088401480585692,0.0231927544105818,0.94
"1327",141,3,9870,3,-0.000654335939994144,0.0234434711611739,0.94
"1328",142,3,9940,3,0.0148207613476096,0.0236183838018894,0.95
"1329",143,2,8580,3,0.0394653341661856,0.0246016865452884,0.95
"1330",144,2,8640,3,-0.00106690849559482,0.0275536742193993,0.97
"1331",145,2,8700,3,0.00060855729068654,0.0270879288328263,0.95
"1332",146,2,8760,3,0.0101566987839565,0.0240619042894444,0.96
"1333",147,2,8820,3,0.00263210944872017,0.0341241084350773,0.91
"1334",148,2,8880,3,0.000388287367779183,0.0314687721648702,0.93
"1335",149,2,8940,3,-0.00510787766128268,0.0261887881187611,0.95
"1336",150,2,9000,3,0.0071595521922091,0.0241726646320772,0.95
"1337",151,2,9060,3,0.0309425676763017,0.0255741136127748,0.97
"1338",152,2,9120,3,-0.00725645429021177,0.0237889400686828,0.95
"1339",153,2,9180,3,0.00429428424132772,0.0291505041531192,0.98
"1340",154,2,9240,3,0.00827071417320246,0.0264574708143539,0.93
"1341",155,2,9300,3,0.000109900589185918,0.0226147192559003,0.95
"1342",156,2,9360,3,0.0476608102126082,0.0344426680990143,0.91
"1343",157,2,9420,3,0.0231406054401887,0.0204921682067614,0.98
"1344",158,2,9480,3,0.0166495214517411,0.0302399567041626,0.89
"1345",159,2,9540,3,0.00432561120850472,0.0290844721789017,0.93
"1346",160,2,9600,3,0.0213263785990795,0.0271087838142688,0.96
"1347",161,2,9660,3,0.00027294930113364,0.0232314657459837,0.96
"1348",162,2,9720,3,-0.00657853949066345,0.0263609429531519,0.93
"1349",163,2,9780,3,0.00254920213545995,0.023768057265946,0.94
"1350",164,2,9840,3,0.0131586096738423,0.0203701546303618,0.96
"1351",165,2,9900,3,-0.00822980688901864,0.022133441008236,0.93
"1352",166,2,9960,3,-0.0115283391188281,0.0284028873828105,0.92
"1353",167,1,8350,3,0.00144483570801879,0.0318782375691972,0.96
"1354",168,1,8400,3,-0.00316404419526062,0.0389971374632118,0.93
"1355",169,1,8450,3,-0.019199016945545,0.0396760549699031,0.93
"1356",170,1,8500,3,0.0247425850301919,0.030880755524488,0.98
"1357",171,1,8550,3,0.0139412532272032,0.0349357501012534,0.95
"1358",172,1,8600,3,-0.0347997786319784,0.0404947105812468,0.91
"1359",173,1,8650,3,-0.0380558327056751,0.039581002205685,0.92
"1360",174,1,8700,3,0.041954764939544,0.0384981816269031,0.94
"1361",175,1,8750,3,0.00712890049325221,0.0413200108985956,0.93
"1362",176,1,8800,3,-0.0116137815829729,0.031154477490248,0.97
"1363",177,1,8850,3,0.0199715724339355,0.0306005148390788,0.95
"1364",178,1,8900,3,-0.0155096008630757,0.0372530183593874,0.94
"1365",179,1,8950,3,0.0209745974823912,0.0283589158933604,0.96
"1366",180,1,9000,3,-0.0257778393056949,0.0286306111932628,0.94
"1367",181,1,9050,3,-0.00275883622311973,0.0324827658305305,0.95
"1368",182,1,9100,3,-0.00900151053248383,0.029039627581998,0.95
"1369",183,1,9150,3,-0.00592187971404412,0.026856005184146,0.99
"1370",184,1,9200,3,-0.00886083340155458,0.0345605822142752,0.96
"1371",185,1,9250,3,0.00766725279319103,0.0315181556451373,0.96
"1372",186,1,9300,3,0.0128870064640891,0.026756308982502,0.97
"1373",187,1,9350,3,-0.00899921465108483,0.0325394823005376,0.94
"1374",188,1,9400,3,0.0387305021868871,0.0308633916161113,0.93
"1375",189,1,9450,3,0.0518437998840162,0.0341215429593015,0.93
"1376",190,1,9500,3,-0.0252490288942772,0.0335670530410437,0.95
"1377",191,1,9550,3,-0.00865681522007322,0.0272305553809411,0.98
"1378",192,1,9600,3,0.0182687192307639,0.0356459690779622,0.96
"1379",193,1,9650,3,0.00112939814880952,0.0299697677430222,0.93
"1380",194,1,9700,3,0.0027240563154961,0.0244355886138365,0.96
"1381",195,1,9750,3,-0.00468443484353426,0.0263692851598037,0.98
"1382",196,1,9800,3,-0.0483322036256093,0.0360413510591728,0.92
"1383",197,1,9850,3,-0.00441390591492175,0.0350980302477554,0.93
"1384",198,1,9900,3,-0.000602750959673382,0.0312788258909239,0.96
"1385",199,1,9950,3,-0.00826348502284002,0.0288678492055854,0.95
"1386",200,1,10000,3,-0.021850622044779,0.0405866414820243,0.89
